[{"pk": 16, "model": "contenttypes.contenttype", "fields": {"model": "alternativa", "name": "alternativa", "app_label": "cuestionario"}}, {"pk": 10, "model": "contenttypes.contenttype", "fields": {"model": "alumno", "name": "alumno", "app_label": "personas"}}, {"pk": 8, "model": "contenttypes.contenttype", "fields": {"model": "carreraprofesional", "name": "carrera profesional", "app_label": "personas"}}, {"pk": 14, "model": "contenttypes.contenttype", "fields": {"model": "categoria", "name": "categoria", "app_label": "cuestionario"}}, {"pk": 4, "model": "contenttypes.contenttype", "fields": {"model": "contenttype", "name": "content type", "app_label": "contenttypes"}}, {"pk": 13, "model": "contenttypes.contenttype", "fields": {"model": "cuestionario", "name": "cuestionario", "app_label": "cuestionario"}}, {"pk": 17, "model": "contenttypes.contenttype", "fields": {"model": "cuestionarioalumno", "name": "cuestionario alumno", "app_label": "cuestionario"}}, {"pk": 18, "model": "contenttypes.contenttype", "fields": {"model": "cuestionarioalumnodetalles", "name": "cuestionario alumno detalles", "app_label": "cuestionario"}}, {"pk": 9, "model": "contenttypes.contenttype", "fields": {"model": "curso", "name": "curso", "app_label": "personas"}}, {"pk": 11, "model": "contenttypes.contenttype", "fields": {"model": "docente", "name": "docente", "app_label": "personas"}}, {"pk": 2, "model": "contenttypes.contenttype", "fields": {"model": "group", "name": "group", "app_label": "auth"}}, {"pk": 12, "model": "contenttypes.contenttype", "fields": {"model": "matricula", "name": "matricula", "app_label": "personas"}}, {"pk": 7, "model": "contenttypes.contenttype", "fields": {"model": "migrationhistory", "name": "migration history", "app_label": "south"}}, {"pk": 1, "model": "contenttypes.contenttype", "fields": {"model": "permission", "name": "permission", "app_label": "auth"}}, {"pk": 15, "model": "contenttypes.contenttype", "fields": {"model": "pregunta", "name": "pregunta", "app_label": "cuestionario"}}, {"pk": 19, "model": "contenttypes.contenttype", "fields": {"model": "resultado", "name": "resultado", "app_label": "cuestionario"}}, {"pk": 5, "model": "contenttypes.contenttype", "fields": {"model": "session", "name": "session", "app_label": "sessions"}}, {"pk": 6, "model": "contenttypes.contenttype", "fields": {"model": "site", "name": "site", "app_label": "sites"}}, {"pk": 20, "model": "contenttypes.contenttype", "fields": {"model": "textoayuda", "name": "texto ayuda", "app_label": "cuestionario"}}, {"pk": 3, "model": "contenttypes.contenttype", "fields": {"model": "user", "name": "user", "app_label": "auth"}}, {"pk": "015f2fbaa74fb52971dec578d047f05f", "model": "sessions.session", "fields": {"expire_date": "2013-07-19T03:11:41Z", "session_data": "ZjBkMzAxYWFmZDU0MTNkNWIwZTVhYTcyMGNhY2RkMDYwY2M5NWJmOTqAAn1xAShVEl9hdXRoX3Vz\nZXJfYmFja2VuZHECVSlkamFuZ28uY29udHJpYi5hdXRoLmJhY2tlbmRzLk1vZGVsQmFja2VuZHED\nVQ1fYXV0aF91c2VyX2lkcQSKAQF1Lg==\n"}}, {"pk": "03c01d3fda9a71763e49b0ae51ebe2ab", "model": "sessions.session", "fields": {"expire_date": "2013-07-21T02:40:45Z", "session_data": "NDE4ZmQ5YTk1MThhMGZhYjMxMWI4NjE3NTlkNTE1M2Q2ZTkwZGY4MDqAAn1xAS4=\n"}}, {"pk": "0d2b0fde0225e602b14e321a5209fc61", "model": "sessions.session", "fields": {"expire_date": "2013-07-22T01:34:13Z", "session_data": "ZjBkMzAxYWFmZDU0MTNkNWIwZTVhYTcyMGNhY2RkMDYwY2M5NWJmOTqAAn1xAShVEl9hdXRoX3Vz\nZXJfYmFja2VuZHECVSlkamFuZ28uY29udHJpYi5hdXRoLmJhY2tlbmRzLk1vZGVsQmFja2VuZHED\nVQ1fYXV0aF91c2VyX2lkcQSKAQF1Lg==\n"}}, {"pk": "1959c36388f9a1e878f25a38f0106fb9", "model": "sessions.session", "fields": {"expire_date": "2013-07-11T04:15:44Z", "session_data": "NDE4ZmQ5YTk1MThhMGZhYjMxMWI4NjE3NTlkNTE1M2Q2ZTkwZGY4MDqAAn1xAS4=\n"}}, {"pk": "2e919f8670e407faf5560a37ac062383", "model": "sessions.session", "fields": {"expire_date": "2013-07-15T04:06:51Z", "session_data": "ZjBkMzAxYWFmZDU0MTNkNWIwZTVhYTcyMGNhY2RkMDYwY2M5NWJmOTqAAn1xAShVEl9hdXRoX3Vz\nZXJfYmFja2VuZHECVSlkamFuZ28uY29udHJpYi5hdXRoLmJhY2tlbmRzLk1vZGVsQmFja2VuZHED\nVQ1fYXV0aF91c2VyX2lkcQSKAQF1Lg==\n"}}, {"pk": "547511f22f0972c13b9e7bc2a8814efa", "model": "sessions.session", "fields": {"expire_date": "2013-07-12T06:58:17Z", "session_data": "ZjBkMzAxYWFmZDU0MTNkNWIwZTVhYTcyMGNhY2RkMDYwY2M5NWJmOTqAAn1xAShVEl9hdXRoX3Vz\nZXJfYmFja2VuZHECVSlkamFuZ28uY29udHJpYi5hdXRoLmJhY2tlbmRzLk1vZGVsQmFja2VuZHED\nVQ1fYXV0aF91c2VyX2lkcQSKAQF1Lg==\n"}}, {"pk": "5ee64da99f01732fa87627a1bf320b47", "model": "sessions.session", "fields": {"expire_date": "2013-07-20T16:13:58Z", "session_data": "NDE4ZmQ5YTk1MThhMGZhYjMxMWI4NjE3NTlkNTE1M2Q2ZTkwZGY4MDqAAn1xAS4=\n"}}, {"pk": "66117e999fdeabb66d7e29d6a2f445c5", "model": "sessions.session", "fields": {"expire_date": "2013-07-16T03:08:33Z", "session_data": "NDE4ZmQ5YTk1MThhMGZhYjMxMWI4NjE3NTlkNTE1M2Q2ZTkwZGY4MDqAAn1xAS4=\n"}}, {"pk": "69bd965c1db8feb8376e1fa6119802b8", "model": "sessions.session", "fields": {"expire_date": "2013-07-21T22:02:00Z", "session_data": "ZjBkMzAxYWFmZDU0MTNkNWIwZTVhYTcyMGNhY2RkMDYwY2M5NWJmOTqAAn1xAShVEl9hdXRoX3Vz\nZXJfYmFja2VuZHECVSlkamFuZ28uY29udHJpYi5hdXRoLmJhY2tlbmRzLk1vZGVsQmFja2VuZHED\nVQ1fYXV0aF91c2VyX2lkcQSKAQF1Lg==\n"}}, {"pk": "aa8237216255acf418c8579144e7b26a", "model": "sessions.session", "fields": {"expire_date": "2013-07-21T21:46:11Z", "session_data": "ZjBkMzAxYWFmZDU0MTNkNWIwZTVhYTcyMGNhY2RkMDYwY2M5NWJmOTqAAn1xAShVEl9hdXRoX3Vz\nZXJfYmFja2VuZHECVSlkamFuZ28uY29udHJpYi5hdXRoLmJhY2tlbmRzLk1vZGVsQmFja2VuZHED\nVQ1fYXV0aF91c2VyX2lkcQSKAQF1Lg==\n"}}, {"pk": "b89dbcc8f69987748c00bc003cee9c89", "model": "sessions.session", "fields": {"expire_date": "2013-07-14T19:22:30Z", "session_data": "ZjBkMzAxYWFmZDU0MTNkNWIwZTVhYTcyMGNhY2RkMDYwY2M5NWJmOTqAAn1xAShVEl9hdXRoX3Vz\nZXJfYmFja2VuZHECVSlkamFuZ28uY29udHJpYi5hdXRoLmJhY2tlbmRzLk1vZGVsQmFja2VuZHED\nVQ1fYXV0aF91c2VyX2lkcQSKAQF1Lg==\n"}}, {"pk": "cd99f8cc8d63e7ebfb97e26cc460605c", "model": "sessions.session", "fields": {"expire_date": "2013-07-21T22:00:12Z", "session_data": "ZjBkMzAxYWFmZDU0MTNkNWIwZTVhYTcyMGNhY2RkMDYwY2M5NWJmOTqAAn1xAShVEl9hdXRoX3Vz\nZXJfYmFja2VuZHECVSlkamFuZ28uY29udHJpYi5hdXRoLmJhY2tlbmRzLk1vZGVsQmFja2VuZHED\nVQ1fYXV0aF91c2VyX2lkcQSKAQF1Lg==\n"}}, {"pk": "d0436c830f748c629b097d294c9e2f6d", "model": "sessions.session", "fields": {"expire_date": "2013-07-13T05:04:52Z", "session_data": "NDE4ZmQ5YTk1MThhMGZhYjMxMWI4NjE3NTlkNTE1M2Q2ZTkwZGY4MDqAAn1xAS4=\n"}}, {"pk": "ebb4d49a86af3e383c9daab51d2f0964", "model": "sessions.session", "fields": {"expire_date": "2013-07-21T21:59:28Z", "session_data": "ZjBkMzAxYWFmZDU0MTNkNWIwZTVhYTcyMGNhY2RkMDYwY2M5NWJmOTqAAn1xAShVEl9hdXRoX3Vz\nZXJfYmFja2VuZHECVSlkamFuZ28uY29udHJpYi5hdXRoLmJhY2tlbmRzLk1vZGVsQmFja2VuZHED\nVQ1fYXV0aF91c2VyX2lkcQSKAQF1Lg==\n"}}, {"pk": 1, "model": "sites.site", "fields": {"domain": "example.com", "name": "example.com"}}, {"pk": "IN", "model": "personas.carreraprofesional", "fields": {"nombre": "IN"}}, {"pk": "IF231AIN", "model": "personas.curso", "fields": {"nombre": "SISTEMAS DE INFORMACION I"}}, {"pk": "IF413AIN", "model": "personas.curso", "fields": {"nombre": "LABORATORIO V"}}, {"pk": "IF413BIN", "model": "personas.curso", "fields": {"nombre": "LABORATORIO V"}}, {"pk": "IF603AIN", "model": "personas.curso", "fields": {"nombre": "ROBOTICA Y PROCESAMIENTO DE SE\u00d1AL"}}, {"pk": 30, "model": "personas.matricula", "fields": {"semestre": "2013-1", "curso": "IF603AIN", "alumno": "010518", "docente": "14002"}}, {"pk": 37, "model": "personas.matricula", "fields": {"semestre": "2013-1", "curso": "IF603AIN", "alumno": "032120", "docente": "14002"}}, {"pk": 67, "model": "personas.matricula", "fields": {"semestre": "2013-1", "curso": "IF231AIN", "alumno": "032122", "docente": "14389"}}, {"pk": 29, "model": "personas.matricula", "fields": {"semestre": "2013-1", "curso": "IF603AIN", "alumno": "040978", "docente": "14002"}}, {"pk": 85, "model": "personas.matricula", "fields": {"semestre": "2013-1", "curso": "IF231AIN", "alumno": "040986", "docente": "14389"}}, {"pk": 27, "model": "personas.matricula", "fields": {"semestre": "2013-1", "curso": "IF603AIN", "alumno": "052104", "docente": "14002"}}, {"pk": 19, "model": "personas.matricula", "fields": {"semestre": "2013-1", "curso": "IF413BIN", "alumno": "062847", "docente": "14769"}}, {"pk": 49, "model": "personas.matricula", "fields": {"semestre": "2013-1", "curso": "IF231AIN", "alumno": "070676", "docente": "14389"}}, {"pk": 25, "model": "personas.matricula", "fields": {"semestre": "2013-1", "curso": "IF603AIN", "alumno": "070677", "docente": "14002"}}, {"pk": 26, "model": "personas.matricula", "fields": {"semestre": "2013-1", "curso": "IF603AIN", "alumno": "070680", "docente": "14002"}}, {"pk": 1, "model": "personas.matricula", "fields": {"semestre": "2013-1", "curso": "IF413AIN", "alumno": "070686", "docente": "14769"}}, {"pk": 55, "model": "personas.matricula", "fields": {"semestre": "2013-1", "curso": "IF231AIN", "alumno": "070688", "docente": "14389"}}, {"pk": 24, "model": "personas.matricula", "fields": {"semestre": "2013-1", "curso": "IF413BIN", "alumno": "070697", "docente": "14769"}}, {"pk": 31, "model": "personas.matricula", "fields": {"semestre": "2013-1", "curso": "IF603AIN", "alumno": "070697", "docente": "14002"}}, {"pk": 33, "model": "personas.matricula", "fields": {"semestre": "2013-1", "curso": "IF603AIN", "alumno": "070699", "docente": "14002"}}, {"pk": 34, "model": "personas.matricula", "fields": {"semestre": "2013-1", "curso": "IF603AIN", "alumno": "070700", "docente": "14002"}}, {"pk": 12, "model": "personas.matricula", "fields": {"semestre": "2013-1", "curso": "IF413AIN", "alumno": "070729", "docente": "14769"}}, {"pk": 90, "model": "personas.matricula", "fields": {"semestre": "2013-1", "curso": "IF231AIN", "alumno": "070730", "docente": "14389"}}, {"pk": 18, "model": "personas.matricula", "fields": {"semestre": "2013-1", "curso": "IF413BIN", "alumno": "073304", "docente": "14769"}}, {"pk": 42, "model": "personas.matricula", "fields": {"semestre": "2013-1", "curso": "IF603AIN", "alumno": "073307", "docente": "14002"}}, {"pk": 74, "model": "personas.matricula", "fields": {"semestre": "2013-1", "curso": "IF231AIN", "alumno": "073309", "docente": "14389"}}, {"pk": 20, "model": "personas.matricula", "fields": {"semestre": "2013-1", "curso": "IF413BIN", "alumno": "073311", "docente": "14769"}}, {"pk": 45, "model": "personas.matricula", "fields": {"semestre": "2013-1", "curso": "IF603AIN", "alumno": "073318", "docente": "14002"}}, {"pk": 48, "model": "personas.matricula", "fields": {"semestre": "2013-1", "curso": "IF603AIN", "alumno": "073322", "docente": "14002"}}, {"pk": 40, "model": "personas.matricula", "fields": {"semestre": "2013-1", "curso": "IF603AIN", "alumno": "080219", "docente": "14002"}}, {"pk": 46, "model": "personas.matricula", "fields": {"semestre": "2013-1", "curso": "IF603AIN", "alumno": "081111", "docente": "14002"}}, {"pk": 65, "model": "personas.matricula", "fields": {"semestre": "2013-1", "curso": "IF231AIN", "alumno": "081563", "docente": "14389"}}, {"pk": 78, "model": "personas.matricula", "fields": {"semestre": "2013-1", "curso": "IF231AIN", "alumno": "081574", "docente": "14389"}}, {"pk": 35, "model": "personas.matricula", "fields": {"semestre": "2013-1", "curso": "IF603AIN", "alumno": "083196", "docente": "14002"}}, {"pk": 63, "model": "personas.matricula", "fields": {"semestre": "2013-1", "curso": "IF231AIN", "alumno": "083199", "docente": "14389"}}, {"pk": 38, "model": "personas.matricula", "fields": {"semestre": "2013-1", "curso": "IF603AIN", "alumno": "083201", "docente": "14002"}}, {"pk": 41, "model": "personas.matricula", "fields": {"semestre": "2013-1", "curso": "IF603AIN", "alumno": "083206", "docente": "14002"}}, {"pk": 43, "model": "personas.matricula", "fields": {"semestre": "2013-1", "curso": "IF603AIN", "alumno": "083212", "docente": "14002"}}, {"pk": 62, "model": "personas.matricula", "fields": {"semestre": "2013-1", "curso": "IF231AIN", "alumno": "090002", "docente": "14389"}}, {"pk": 50, "model": "personas.matricula", "fields": {"semestre": "2013-1", "curso": "IF231AIN", "alumno": "090206", "docente": "14389"}}, {"pk": 36, "model": "personas.matricula", "fields": {"semestre": "2013-1", "curso": "IF603AIN", "alumno": "090218", "docente": "14002"}}, {"pk": 6, "model": "personas.matricula", "fields": {"semestre": "2013-1", "curso": "IF413AIN", "alumno": "090220", "docente": "14769"}}, {"pk": 77, "model": "personas.matricula", "fields": {"semestre": "2013-1", "curso": "IF231AIN", "alumno": "090226", "docente": "14389"}}, {"pk": 88, "model": "personas.matricula", "fields": {"semestre": "2013-1", "curso": "IF231AIN", "alumno": "090231", "docente": "14389"}}, {"pk": 4, "model": "personas.matricula", "fields": {"semestre": "2013-1", "curso": "IF413AIN", "alumno": "090623", "docente": "14769"}}, {"pk": 23, "model": "personas.matricula", "fields": {"semestre": "2013-1", "curso": "IF413BIN", "alumno": "090624", "docente": "14769"}}, {"pk": 14, "model": "personas.matricula", "fields": {"semestre": "2013-1", "curso": "IF413BIN", "alumno": "090803", "docente": "14769"}}, {"pk": 44, "model": "personas.matricula", "fields": {"semestre": "2013-1", "curso": "IF603AIN", "alumno": "090809", "docente": "14002"}}, {"pk": 81, "model": "personas.matricula", "fields": {"semestre": "2013-1", "curso": "IF231AIN", "alumno": "090810", "docente": "14389"}}, {"pk": 53, "model": "personas.matricula", "fields": {"semestre": "2013-1", "curso": "IF231AIN", "alumno": "091358", "docente": "14389"}}, {"pk": 2, "model": "personas.matricula", "fields": {"semestre": "2013-1", "curso": "IF413AIN", "alumno": "091359", "docente": "14769"}}, {"pk": 13, "model": "personas.matricula", "fields": {"semestre": "2013-1", "curso": "IF603AIN", "alumno": "091359", "docente": "14002"}}, {"pk": 75, "model": "personas.matricula", "fields": {"semestre": "2013-1", "curso": "IF231AIN", "alumno": "091362", "docente": "14389"}}, {"pk": 47, "model": "personas.matricula", "fields": {"semestre": "2013-1", "curso": "IF603AIN", "alumno": "091363", "docente": "14002"}}, {"pk": 7, "model": "personas.matricula", "fields": {"semestre": "2013-1", "curso": "IF413AIN", "alumno": "091612", "docente": "14769"}}, {"pk": 79, "model": "personas.matricula", "fields": {"semestre": "2013-1", "curso": "IF231AIN", "alumno": "091613", "docente": "14389"}}, {"pk": 80, "model": "personas.matricula", "fields": {"semestre": "2013-1", "curso": "IF231AIN", "alumno": "091615", "docente": "14389"}}, {"pk": 8, "model": "personas.matricula", "fields": {"semestre": "2013-1", "curso": "IF413AIN", "alumno": "091616", "docente": "14769"}}, {"pk": 9, "model": "personas.matricula", "fields": {"semestre": "2013-1", "curso": "IF413AIN", "alumno": "091619", "docente": "14769"}}, {"pk": 83, "model": "personas.matricula", "fields": {"semestre": "2013-1", "curso": "IF231AIN", "alumno": "091620", "docente": "14389"}}, {"pk": 52, "model": "personas.matricula", "fields": {"semestre": "2013-1", "curso": "IF231AIN", "alumno": "093152", "docente": "14389"}}, {"pk": 16, "model": "personas.matricula", "fields": {"semestre": "2013-1", "curso": "IF413BIN", "alumno": "093158", "docente": "14769"}}, {"pk": 92, "model": "personas.matricula", "fields": {"semestre": "2013-1", "curso": "IF231AIN", "alumno": "093166", "docente": "14389"}}, {"pk": 66, "model": "personas.matricula", "fields": {"semestre": "2013-1", "curso": "IF231AIN", "alumno": "093176", "docente": "14389"}}, {"pk": 39, "model": "personas.matricula", "fields": {"semestre": "2013-1", "curso": "IF603AIN", "alumno": "093179", "docente": "14002"}}, {"pk": 68, "model": "personas.matricula", "fields": {"semestre": "2013-1", "curso": "IF231AIN", "alumno": "093181", "docente": "14389"}}, {"pk": 72, "model": "personas.matricula", "fields": {"semestre": "2013-1", "curso": "IF231AIN", "alumno": "093182", "docente": "14389"}}, {"pk": 73, "model": "personas.matricula", "fields": {"semestre": "2013-1", "curso": "IF231AIN", "alumno": "093183", "docente": "14389"}}, {"pk": 21, "model": "personas.matricula", "fields": {"semestre": "2013-1", "curso": "IF413BIN", "alumno": "093188", "docente": "14769"}}, {"pk": 10, "model": "personas.matricula", "fields": {"semestre": "2013-1", "curso": "IF413AIN", "alumno": "093192", "docente": "14769"}}, {"pk": 11, "model": "personas.matricula", "fields": {"semestre": "2013-1", "curso": "IF413AIN", "alumno": "093193", "docente": "14769"}}, {"pk": 86, "model": "personas.matricula", "fields": {"semestre": "2013-1", "curso": "IF231AIN", "alumno": "093194", "docente": "14389"}}, {"pk": 71, "model": "personas.matricula", "fields": {"semestre": "2013-1", "curso": "IF231AIN", "alumno": "094303", "docente": "14389"}}, {"pk": 57, "model": "personas.matricula", "fields": {"semestre": "2013-1", "curso": "IF231AIN", "alumno": "100259", "docente": "14389"}}, {"pk": 51, "model": "personas.matricula", "fields": {"semestre": "2013-1", "curso": "IF231AIN", "alumno": "100504", "docente": "14389"}}, {"pk": 56, "model": "personas.matricula", "fields": {"semestre": "2013-1", "curso": "IF231AIN", "alumno": "100508", "docente": "14389"}}, {"pk": 3, "model": "personas.matricula", "fields": {"semestre": "2013-1", "curso": "IF413AIN", "alumno": "100510", "docente": "14769"}}, {"pk": 61, "model": "personas.matricula", "fields": {"semestre": "2013-1", "curso": "IF231AIN", "alumno": "100512", "docente": "14389"}}, {"pk": 5, "model": "personas.matricula", "fields": {"semestre": "2013-1", "curso": "IF413AIN", "alumno": "100513", "docente": "14769"}}, {"pk": 84, "model": "personas.matricula", "fields": {"semestre": "2013-1", "curso": "IF231AIN", "alumno": "100522", "docente": "14389"}}, {"pk": 17, "model": "personas.matricula", "fields": {"semestre": "2013-1", "curso": "IF413BIN", "alumno": "101030", "docente": "14769"}}, {"pk": 82, "model": "personas.matricula", "fields": {"semestre": "2013-1", "curso": "IF231AIN", "alumno": "101036", "docente": "14389"}}, {"pk": 89, "model": "personas.matricula", "fields": {"semestre": "2013-1", "curso": "IF231AIN", "alumno": "101038", "docente": "14389"}}, {"pk": 91, "model": "personas.matricula", "fields": {"semestre": "2013-1", "curso": "IF231AIN", "alumno": "101656", "docente": "14389"}}, {"pk": 58, "model": "personas.matricula", "fields": {"semestre": "2013-1", "curso": "IF231AIN", "alumno": "101659", "docente": "14389"}}, {"pk": 64, "model": "personas.matricula", "fields": {"semestre": "2013-1", "curso": "IF231AIN", "alumno": "101662", "docente": "14389"}}, {"pk": 22, "model": "personas.matricula", "fields": {"semestre": "2013-1", "curso": "IF413BIN", "alumno": "103177", "docente": "14769"}}, {"pk": 59, "model": "personas.matricula", "fields": {"semestre": "2013-1", "curso": "IF231AIN", "alumno": "103640", "docente": "14389"}}, {"pk": 70, "model": "personas.matricula", "fields": {"semestre": "2013-1", "curso": "IF231AIN", "alumno": "103645", "docente": "14389"}}, {"pk": 32, "model": "personas.matricula", "fields": {"semestre": "2013-1", "curso": "IF603AIN", "alumno": "110038", "docente": "14002"}}, {"pk": 87, "model": "personas.matricula", "fields": {"semestre": "2013-1", "curso": "IF231AIN", "alumno": "110288", "docente": "14389"}}, {"pk": 69, "model": "personas.matricula", "fields": {"semestre": "2013-1", "curso": "IF231AIN", "alumno": "110598", "docente": "14389"}}, {"pk": 54, "model": "personas.matricula", "fields": {"semestre": "2013-1", "curso": "IF231AIN", "alumno": "111648", "docente": "14389"}}, {"pk": 15, "model": "personas.matricula", "fields": {"semestre": "2013-1", "curso": "IF413BIN", "alumno": "111857", "docente": "14769"}}, {"pk": 60, "model": "personas.matricula", "fields": {"semestre": "2013-1", "curso": "IF231AIN", "alumno": "111861", "docente": "14389"}}, {"pk": 76, "model": "personas.matricula", "fields": {"semestre": "2013-1", "curso": "IF231AIN", "alumno": "111867", "docente": "14389"}}, {"pk": 28, "model": "personas.matricula", "fields": {"semestre": "2013-1", "curso": "IF603AIN", "alumno": "932310", "docente": "14002"}}, {"pk": 1, "model": "cuestionario.cuestionario", "fields": {"nombre": "CHAEA", "fecha_inicio": "2013-06-24", "instrucciones": "Este cuestionario ha sido dise\u00f1ado para identificar su estilo preferido de aprendizaje.\r\n\r\n    No es un test de inteligencia , ni de personalidad.\r\n    No hay l\u00edmite de tiempo para contestar al Cuestionario.\r\n    No le tomar\u00e1 m\u00e1s de 15 minutos.\r\n    No hay respuestas correctas o err\u00f3neas.\r\n\r\nSer\u00e1 \u00fatil en la medida que sea sincero/a en sus respuestas.\r\nSi est\u00e1 m\u00e1s de acuerdo que en desacuerdo con el \u00edtem seleccione S\u00cd. Si, por el contrario, est\u00e1 m\u00e1s en desacuerdo que de acuerdo, seleccione NO.\r\nPor favor conteste a todos los items.", "fecha_final": "2013-07-31"}}, {"pk": 1, "model": "cuestionario.categoria", "fields": {"nombre": "Activo", "cuestionario": 1}}, {"pk": 2, "model": "cuestionario.categoria", "fields": {"nombre": "Reflexivo", "cuestionario": 1}}, {"pk": 3, "model": "cuestionario.categoria", "fields": {"nombre": "Teorico", "cuestionario": 1}}, {"pk": 4, "model": "cuestionario.categoria", "fields": {"nombre": "Pragmatico", "cuestionario": 1}}, {"pk": 1, "model": "cuestionario.pregunta", "fields": {"categoria": 1, "pregunta": "Tengo fama de decir lo que pienso claramente y sin rodeos."}}, {"pk": 2, "model": "cuestionario.pregunta", "fields": {"categoria": 3, "pregunta": "Estoy seguro/a de lo que es bueno y malo, lo que est\u00e1 bien y lo que est\u00e1 mal."}}, {"pk": 3, "model": "cuestionario.pregunta", "fields": {"categoria": 1, "pregunta": "Muchas veces act\u00fao sin mirar las consecuencias."}}, {"pk": 4, "model": "cuestionario.pregunta", "fields": {"categoria": 3, "pregunta": "Normalmente trato de resolver los problemas met\u00f3dicamente y paso a paso."}}, {"pk": 5, "model": "cuestionario.pregunta", "fields": {"categoria": 1, "pregunta": "Creo que los formalismos coartan y limitan la actuaci\u00f3n libre de las personas."}}, {"pk": 6, "model": "cuestionario.pregunta", "fields": {"categoria": 3, "pregunta": "Me interesa saber cu\u00e1les son los sistemas de valores de los dem\u00e1s y con qu\u00e9 criterios act\u00faan."}}, {"pk": 7, "model": "cuestionario.pregunta", "fields": {"categoria": 1, "pregunta": "Pienso que el actuar intuitivamente puede ser siempre tan v\u00e1lido como actuar reflexivamente."}}, {"pk": 8, "model": "cuestionario.pregunta", "fields": {"categoria": 4, "pregunta": "Creo que lo m\u00e1s importante es que las cosas funcionen."}}, {"pk": 9, "model": "cuestionario.pregunta", "fields": {"categoria": 1, "pregunta": "Procuro estar al tanto de lo importante aqu\u00ed y ahora."}}, {"pk": 10, "model": "cuestionario.pregunta", "fields": {"categoria": 2, "pregunta": "Disfruto cuando tengo tiempo para preparar mi trabajo y realizarlo a conciencia."}}, {"pk": 11, "model": "cuestionario.pregunta", "fields": {"categoria": 3, "pregunta": "Estoy a gusto siguiendo un orden, en las comidas, en el estudio, haciendo ejercicio regularmente."}}, {"pk": 12, "model": "cuestionario.pregunta", "fields": {"categoria": 4, "pregunta": "Cuando escucho una nueva idea enseguida comienzo a pensar c\u00f3mo ponerla en pr\u00e1ctica."}}, {"pk": 13, "model": "cuestionario.pregunta", "fields": {"categoria": 1, "pregunta": "Prefiero las ideas originales y novedosas aunque no sean pr\u00e1cticas."}}, {"pk": 14, "model": "cuestionario.pregunta", "fields": {"categoria": 4, "pregunta": "Admito y me ajusto a las normas s\u00f3lo si me sirven para lograr mis objetivos."}}, {"pk": 15, "model": "cuestionario.pregunta", "fields": {"categoria": 3, "pregunta": "Normalmente encajo bien con personas reflexivas, y me cuesta sintonizar con personas demasiado espont\u00e1neas e impredecibles."}}, {"pk": 16, "model": "cuestionario.pregunta", "fields": {"categoria": 2, "pregunta": "Escucho con m\u00e1s frecuencia que hablo."}}, {"pk": 17, "model": "cuestionario.pregunta", "fields": {"categoria": 3, "pregunta": "Prefiero las cosas estructuradas a las desordenadas."}}, {"pk": 18, "model": "cuestionario.pregunta", "fields": {"categoria": 2, "pregunta": "Cuando poseo cualquier informaci\u00f3n, trato de interpretarla bien antes de manifestar alguna conclusi\u00f3n."}}, {"pk": 19, "model": "cuestionario.pregunta", "fields": {"categoria": 2, "pregunta": "Antes de hacer algo estudio con cuidado sus ventajas e inconvenientes."}}, {"pk": 20, "model": "cuestionario.pregunta", "fields": {"categoria": 1, "pregunta": "Me crezco con el reto de hacer algo nuevo y diferente."}}, {"pk": 21, "model": "cuestionario.pregunta", "fields": {"categoria": 3, "pregunta": "Casi siempre procuro ser coherente con mis criterios y sistemas de valores. Tengo principios y los sigo."}}, {"pk": 22, "model": "cuestionario.pregunta", "fields": {"categoria": 4, "pregunta": "Cuando hay una discusi\u00f3n no me gusta ir con rodeos."}}, {"pk": 23, "model": "cuestionario.pregunta", "fields": {"categoria": 3, "pregunta": "Me disgusta implicarme afectivamente en mi ambiente de trabajo. Prefiero mantener relaciones distantes."}}, {"pk": 24, "model": "cuestionario.pregunta", "fields": {"categoria": 4, "pregunta": "Me gustan m\u00e1s las personas realistas y concretas que las te\u00f3ricas."}}, {"pk": 25, "model": "cuestionario.pregunta", "fields": {"categoria": 3, "pregunta": "Me cuesta ser creativo/a, romper estructuras."}}, {"pk": 26, "model": "cuestionario.pregunta", "fields": {"categoria": 1, "pregunta": "Me siento a gusto con personas espont\u00e1neas y divertidas."}}, {"pk": 27, "model": "cuestionario.pregunta", "fields": {"categoria": 1, "pregunta": "La mayor\u00eda de las veces expreso abiertamente c\u00f3mo me siento."}}, {"pk": 28, "model": "cuestionario.pregunta", "fields": {"categoria": 2, "pregunta": "Me gusta analizar y dar vueltas a las cosas."}}, {"pk": 29, "model": "cuestionario.pregunta", "fields": {"categoria": 3, "pregunta": "Me molesta que la gente no se tome en serio las cosas."}}, {"pk": 30, "model": "cuestionario.pregunta", "fields": {"categoria": 4, "pregunta": "Me atrae experimentar y practicar las \u00faltimas t\u00e9cnicas y novedades."}}, {"pk": 31, "model": "cuestionario.pregunta", "fields": {"categoria": 2, "pregunta": "Soy cauteloso/a a la hora de sacar conclusiones."}}, {"pk": 32, "model": "cuestionario.pregunta", "fields": {"categoria": 2, "pregunta": "Prefiero contar con el mayor n\u00famero de fuentes de informaci\u00f3n. Cuantos m\u00e1s datos re\u00fana para reflexionar, mejor."}}, {"pk": 33, "model": "cuestionario.pregunta", "fields": {"categoria": 3, "pregunta": "Tiendo a ser perfeccionista."}}, {"pk": 34, "model": "cuestionario.pregunta", "fields": {"categoria": 2, "pregunta": "Prefiero o\u00edr las opiniones de los dem\u00e1s antes de exponer la m\u00eda."}}, {"pk": 35, "model": "cuestionario.pregunta", "fields": {"categoria": 1, "pregunta": "Me gusta afrontar la vida espont\u00e1neamente y no tener que planificar todo previamente."}}, {"pk": 36, "model": "cuestionario.pregunta", "fields": {"categoria": 2, "pregunta": "En las discusiones me gusta observar c\u00f3mo act\u00faan los dem\u00e1s participantes."}}, {"pk": 37, "model": "cuestionario.pregunta", "fields": {"categoria": 1, "pregunta": "Me siento inc\u00f3modo/a con las personas calladas y demasiado anal\u00edticas."}}, {"pk": 38, "model": "cuestionario.pregunta", "fields": {"categoria": 4, "pregunta": "Juzgo con frecuencia las ideas de los dem\u00e1s por su valor pr\u00e1ctico."}}, {"pk": 39, "model": "cuestionario.pregunta", "fields": {"categoria": 2, "pregunta": "Me agobio si me obligan a acelerar mucho el trabajo para cumplir un plazo."}}, {"pk": 40, "model": "cuestionario.pregunta", "fields": {"categoria": 4, "pregunta": "En las reuniones apoyo las ideas pr\u00e1cticas y realistas."}}, {"pk": 41, "model": "cuestionario.pregunta", "fields": {"categoria": 1, "pregunta": "Es mejor gozar del momento presente que deleitarse pensando en el pasado o en el futuro."}}, {"pk": 42, "model": "cuestionario.pregunta", "fields": {"categoria": 2, "pregunta": "Me molestan las personas que siempre desean apresurar las cosas."}}, {"pk": 43, "model": "cuestionario.pregunta", "fields": {"categoria": 1, "pregunta": "Aporto ideas nuevas y espont\u00e1neas en los grupos de discusi\u00f3n."}}, {"pk": 44, "model": "cuestionario.pregunta", "fields": {"categoria": 2, "pregunta": "Pienso que son m\u00e1s consistentes las decisiones fundamentadas en un minucioso an\u00e1lisis que las basadas en la intuici\u00f3n."}}, {"pk": 45, "model": "cuestionario.pregunta", "fields": {"categoria": 3, "pregunta": "Detecto frecuentemente la inconsistencia y puntos d\u00e9biles en las argumentaciones de los dem\u00e1s."}}, {"pk": 46, "model": "cuestionario.pregunta", "fields": {"categoria": 1, "pregunta": "Creo que es preciso saltarse las normas muchas m\u00e1s veces que cumplirlas."}}, {"pk": 47, "model": "cuestionario.pregunta", "fields": {"categoria": 4, "pregunta": "A menudo caigo en la cuenta de otras formas mejores y m\u00e1s pr\u00e1cticas de hacer las cosas."}}, {"pk": 48, "model": "cuestionario.pregunta", "fields": {"categoria": 1, "pregunta": "En conjunto hablo m\u00e1s de lo que escucho."}}, {"pk": 49, "model": "cuestionario.pregunta", "fields": {"categoria": 2, "pregunta": "Prefiero distanciarme de los hechos y observarlos desde otras perspectivas."}}, {"pk": 50, "model": "cuestionario.pregunta", "fields": {"categoria": 3, "pregunta": "Estoy convencido/a de que debe imponerse la l\u00f3gica y el razonamiento."}}, {"pk": 51, "model": "cuestionario.pregunta", "fields": {"categoria": 1, "pregunta": "Me gusta buscar nuevas experiencias."}}, {"pk": 52, "model": "cuestionario.pregunta", "fields": {"categoria": 4, "pregunta": "Me gusta experimentar y aplicar las cosas."}}, {"pk": 53, "model": "cuestionario.pregunta", "fields": {"categoria": 4, "pregunta": "Pienso que debemos llegar pronto al grano, al meollo de los temas."}}, {"pk": 54, "model": "cuestionario.pregunta", "fields": {"categoria": 3, "pregunta": "Siempre trato de conseguir conclusiones e ideas claras."}}, {"pk": 55, "model": "cuestionario.pregunta", "fields": {"categoria": 2, "pregunta": "Prefiero discutir cuestiones concretas y no perder el tiempo con charlas vac\u00edas."}}, {"pk": 56, "model": "cuestionario.pregunta", "fields": {"categoria": 4, "pregunta": "Me impaciento cuando me dan explicaciones irrelevantes e incoherentes."}}, {"pk": 57, "model": "cuestionario.pregunta", "fields": {"categoria": 4, "pregunta": "Compruebo antes si las cosas funcionan realmente."}}, {"pk": 58, "model": "cuestionario.pregunta", "fields": {"categoria": 2, "pregunta": "Hago varios borradores antes de la redacci\u00f3n definitiva."}}, {"pk": 59, "model": "cuestionario.pregunta", "fields": {"categoria": 4, "pregunta": "Soy consciente de que en las discusiones ayudo a mantener a los dem\u00e1s centrados en el tema, evitando divagaciones."}}, {"pk": 60, "model": "cuestionario.pregunta", "fields": {"categoria": 3, "pregunta": "Observo que, con frecuencia, soy uno/a de los/as m\u00e1s objetivos/ as y desapasionados/as en las discusiones."}}, {"pk": 61, "model": "cuestionario.pregunta", "fields": {"categoria": 1, "pregunta": "Cuando algo va mal, le quito importancia y trato de hacerlo mejor."}}, {"pk": 62, "model": "cuestionario.pregunta", "fields": {"categoria": 4, "pregunta": "Rechazo ideas originales y espont\u00e1neas si no las veo pr\u00e1cticas."}}, {"pk": 63, "model": "cuestionario.pregunta", "fields": {"categoria": 2, "pregunta": "Me gusta sopesar diversas alternativas antes de tomar una decisi\u00f3n."}}, {"pk": 64, "model": "cuestionario.pregunta", "fields": {"categoria": 3, "pregunta": "Con frecuencia mira hacia delante para prever el futuro."}}, {"pk": 65, "model": "cuestionario.pregunta", "fields": {"categoria": 2, "pregunta": "En los debates y discusiones prefiero desempe\u00f1ar un papel secundario antes que ser el/la l\u00edder o el/la que m\u00e1s participa."}}, {"pk": 66, "model": "cuestionario.pregunta", "fields": {"categoria": 3, "pregunta": "Me molestan las personas que no act\u00faan con l\u00f3gica."}}, {"pk": 67, "model": "cuestionario.pregunta", "fields": {"categoria": 1, "pregunta": "Me resulta incomodo tener que planificar y prever las cosas."}}, {"pk": 68, "model": "cuestionario.pregunta", "fields": {"categoria": 4, "pregunta": "Creo que el fin justifica los medios en muchos casos."}}, {"pk": 69, "model": "cuestionario.pregunta", "fields": {"categoria": 2, "pregunta": "Suelo reflexionar sobre los asuntos y problemas."}}, {"pk": 70, "model": "cuestionario.pregunta", "fields": {"categoria": 2, "pregunta": "El trabajar a conciencia me llena de satisfacci\u00f3n y orgullo."}}, {"pk": 71, "model": "cuestionario.pregunta", "fields": {"categoria": 3, "pregunta": "Ante los acontecimientos trato de descubrir los principios y teor\u00edas."}}, {"pk": 72, "model": "cuestionario.pregunta", "fields": {"categoria": 4, "pregunta": "Con tal de conseguir el objetivo que pretendo soy capaz de herir sentimientos ajenos."}}, {"pk": 73, "model": "cuestionario.pregunta", "fields": {"categoria": 4, "pregunta": "No me importa hacer todo lo necesario para que sea efectivo mi trabajo."}}, {"pk": 74, "model": "cuestionario.pregunta", "fields": {"categoria": 1, "pregunta": "Con frecuencia soy una de las personas que m\u00e1s anima las fiestas."}}, {"pk": 75, "model": "cuestionario.pregunta", "fields": {"categoria": 1, "pregunta": "Me aburro enseguida a con el trabajo met\u00f3dico y minucioso."}}, {"pk": 76, "model": "cuestionario.pregunta", "fields": {"categoria": 4, "pregunta": "La gente con frecuencia cree que soy poco sensible a sus sentimientos."}}, {"pk": 77, "model": "cuestionario.pregunta", "fields": {"categoria": 1, "pregunta": "Suelo dejarme llevar por mis intuiciones."}}, {"pk": 78, "model": "cuestionario.pregunta", "fields": {"categoria": 3, "pregunta": "Si trabajo en grupo procuro que se siga un m\u00e9todo y un orden."}}, {"pk": 79, "model": "cuestionario.pregunta", "fields": {"categoria": 2, "pregunta": "Con frecuencia me interesa averiguar lo que piensa la gente."}}, {"pk": 80, "model": "cuestionario.pregunta", "fields": {"categoria": 3, "pregunta": "Esquivo los temas subjetivos y poco claros."}}, {"pk": 1, "model": "cuestionario.alternativa", "fields": {"cuestionario": 1, "alternativa": "Si", "valor": 1}}, {"pk": 2, "model": "cuestionario.alternativa", "fields": {"cuestionario": 1, "alternativa": "No", "valor": 0}}, {"pk": 1, "model": "cuestionario.cuestionarioalumno", "fields": {"hora": "06:12:59", "alumno": "070686", "cuestionario": 1, "fecha": "2013-06-28"}}, {"pk": 2, "model": "cuestionario.cuestionarioalumno", "fields": {"hora": "16:04:57", "alumno": "932310", "cuestionario": 1, "fecha": "2013-07-06"}}, {"pk": 1, "model": "cuestionario.cuestionarioalumnodetalles", "fields": {"cuestionario_alumno": 1, "pregunta": 58, "respuesta": 0}}, {"pk": 2, "model": "cuestionario.cuestionarioalumnodetalles", "fields": {"cuestionario_alumno": 1, "pregunta": 30, "respuesta": 1}}, {"pk": 3, "model": "cuestionario.cuestionarioalumnodetalles", "fields": {"cuestionario_alumno": 1, "pregunta": 28, "respuesta": 0}}, {"pk": 4, "model": "cuestionario.cuestionarioalumnodetalles", "fields": {"cuestionario_alumno": 1, "pregunta": 29, "respuesta": 1}}, {"pk": 5, "model": "cuestionario.cuestionarioalumnodetalles", "fields": {"cuestionario_alumno": 1, "pregunta": 60, "respuesta": 1}}, {"pk": 6, "model": "cuestionario.cuestionarioalumnodetalles", "fields": {"cuestionario_alumno": 1, "pregunta": 61, "respuesta": 1}}, {"pk": 7, "model": "cuestionario.cuestionarioalumnodetalles", "fields": {"cuestionario_alumno": 1, "pregunta": 62, "respuesta": 1}}, {"pk": 8, "model": "cuestionario.cuestionarioalumnodetalles", "fields": {"cuestionario_alumno": 1, "pregunta": 63, "respuesta": 1}}, {"pk": 9, "model": "cuestionario.cuestionarioalumnodetalles", "fields": {"cuestionario_alumno": 1, "pregunta": 64, "respuesta": 0}}, {"pk": 10, "model": "cuestionario.cuestionarioalumnodetalles", "fields": {"cuestionario_alumno": 1, "pregunta": 65, "respuesta": 1}}, {"pk": 11, "model": "cuestionario.cuestionarioalumnodetalles", "fields": {"cuestionario_alumno": 1, "pregunta": 66, "respuesta": 1}}, {"pk": 12, "model": "cuestionario.cuestionarioalumnodetalles", "fields": {"cuestionario_alumno": 1, "pregunta": 67, "respuesta": 0}}, {"pk": 13, "model": "cuestionario.cuestionarioalumnodetalles", "fields": {"cuestionario_alumno": 1, "pregunta": 68, "respuesta": 0}}, {"pk": 14, "model": "cuestionario.cuestionarioalumnodetalles", "fields": {"cuestionario_alumno": 1, "pregunta": 69, "respuesta": 1}}, {"pk": 15, "model": "cuestionario.cuestionarioalumnodetalles", "fields": {"cuestionario_alumno": 1, "pregunta": 80, "respuesta": 1}}, {"pk": 16, "model": "cuestionario.cuestionarioalumnodetalles", "fields": {"cuestionario_alumno": 1, "pregunta": 34, "respuesta": 0}}, {"pk": 17, "model": "cuestionario.cuestionarioalumnodetalles", "fields": {"cuestionario_alumno": 1, "pregunta": 24, "respuesta": 0}}, {"pk": 18, "model": "cuestionario.cuestionarioalumnodetalles", "fields": {"cuestionario_alumno": 1, "pregunta": 25, "respuesta": 0}}, {"pk": 19, "model": "cuestionario.cuestionarioalumnodetalles", "fields": {"cuestionario_alumno": 1, "pregunta": 26, "respuesta": 0}}, {"pk": 20, "model": "cuestionario.cuestionarioalumnodetalles", "fields": {"cuestionario_alumno": 1, "pregunta": 27, "respuesta": 1}}, {"pk": 21, "model": "cuestionario.cuestionarioalumnodetalles", "fields": {"cuestionario_alumno": 1, "pregunta": 20, "respuesta": 1}}, {"pk": 22, "model": "cuestionario.cuestionarioalumnodetalles", "fields": {"cuestionario_alumno": 1, "pregunta": 21, "respuesta": 1}}, {"pk": 23, "model": "cuestionario.cuestionarioalumnodetalles", "fields": {"cuestionario_alumno": 1, "pregunta": 48, "respuesta": 1}}, {"pk": 24, "model": "cuestionario.cuestionarioalumnodetalles", "fields": {"cuestionario_alumno": 1, "pregunta": 49, "respuesta": 0}}, {"pk": 25, "model": "cuestionario.cuestionarioalumnodetalles", "fields": {"cuestionario_alumno": 1, "pregunta": 46, "respuesta": 1}}, {"pk": 26, "model": "cuestionario.cuestionarioalumnodetalles", "fields": {"cuestionario_alumno": 1, "pregunta": 23, "respuesta": 1}}, {"pk": 27, "model": "cuestionario.cuestionarioalumnodetalles", "fields": {"cuestionario_alumno": 1, "pregunta": 44, "respuesta": 0}}, {"pk": 28, "model": "cuestionario.cuestionarioalumnodetalles", "fields": {"cuestionario_alumno": 1, "pregunta": 45, "respuesta": 0}}, {"pk": 29, "model": "cuestionario.cuestionarioalumnodetalles", "fields": {"cuestionario_alumno": 1, "pregunta": 42, "respuesta": 1}}, {"pk": 30, "model": "cuestionario.cuestionarioalumnodetalles", "fields": {"cuestionario_alumno": 1, "pregunta": 43, "respuesta": 1}}, {"pk": 31, "model": "cuestionario.cuestionarioalumnodetalles", "fields": {"cuestionario_alumno": 1, "pregunta": 40, "respuesta": 0}}, {"pk": 32, "model": "cuestionario.cuestionarioalumnodetalles", "fields": {"cuestionario_alumno": 1, "pregunta": 41, "respuesta": 0}}, {"pk": 33, "model": "cuestionario.cuestionarioalumnodetalles", "fields": {"cuestionario_alumno": 1, "pregunta": 1, "respuesta": 1}}, {"pk": 34, "model": "cuestionario.cuestionarioalumnodetalles", "fields": {"cuestionario_alumno": 1, "pregunta": 35, "respuesta": 1}}, {"pk": 35, "model": "cuestionario.cuestionarioalumnodetalles", "fields": {"cuestionario_alumno": 1, "pregunta": 3, "respuesta": 1}}, {"pk": 36, "model": "cuestionario.cuestionarioalumnodetalles", "fields": {"cuestionario_alumno": 1, "pregunta": 2, "respuesta": 1}}, {"pk": 37, "model": "cuestionario.cuestionarioalumnodetalles", "fields": {"cuestionario_alumno": 1, "pregunta": 5, "respuesta": 0}}, {"pk": 38, "model": "cuestionario.cuestionarioalumnodetalles", "fields": {"cuestionario_alumno": 1, "pregunta": 4, "respuesta": 0}}, {"pk": 39, "model": "cuestionario.cuestionarioalumnodetalles", "fields": {"cuestionario_alumno": 1, "pregunta": 7, "respuesta": 1}}, {"pk": 40, "model": "cuestionario.cuestionarioalumnodetalles", "fields": {"cuestionario_alumno": 1, "pregunta": 6, "respuesta": 0}}, {"pk": 41, "model": "cuestionario.cuestionarioalumnodetalles", "fields": {"cuestionario_alumno": 1, "pregunta": 9, "respuesta": 1}}, {"pk": 42, "model": "cuestionario.cuestionarioalumnodetalles", "fields": {"cuestionario_alumno": 1, "pregunta": 8, "respuesta": 0}}, {"pk": 43, "model": "cuestionario.cuestionarioalumnodetalles", "fields": {"cuestionario_alumno": 1, "pregunta": 32, "respuesta": 0}}, {"pk": 44, "model": "cuestionario.cuestionarioalumnodetalles", "fields": {"cuestionario_alumno": 1, "pregunta": 18, "respuesta": 1}}, {"pk": 45, "model": "cuestionario.cuestionarioalumnodetalles", "fields": {"cuestionario_alumno": 1, "pregunta": 13, "respuesta": 1}}, {"pk": 46, "model": "cuestionario.cuestionarioalumnodetalles", "fields": {"cuestionario_alumno": 1, "pregunta": 57, "respuesta": 1}}, {"pk": 47, "model": "cuestionario.cuestionarioalumnodetalles", "fields": {"cuestionario_alumno": 1, "pregunta": 77, "respuesta": 1}}, {"pk": 48, "model": "cuestionario.cuestionarioalumnodetalles", "fields": {"cuestionario_alumno": 1, "pregunta": 76, "respuesta": 1}}, {"pk": 49, "model": "cuestionario.cuestionarioalumnodetalles", "fields": {"cuestionario_alumno": 1, "pregunta": 75, "respuesta": 0}}, {"pk": 50, "model": "cuestionario.cuestionarioalumnodetalles", "fields": {"cuestionario_alumno": 1, "pregunta": 12, "respuesta": 0}}, {"pk": 51, "model": "cuestionario.cuestionarioalumnodetalles", "fields": {"cuestionario_alumno": 1, "pregunta": 73, "respuesta": 0}}, {"pk": 52, "model": "cuestionario.cuestionarioalumnodetalles", "fields": {"cuestionario_alumno": 1, "pregunta": 72, "respuesta": 0}}, {"pk": 53, "model": "cuestionario.cuestionarioalumnodetalles", "fields": {"cuestionario_alumno": 1, "pregunta": 71, "respuesta": 1}}, {"pk": 54, "model": "cuestionario.cuestionarioalumnodetalles", "fields": {"cuestionario_alumno": 1, "pregunta": 70, "respuesta": 0}}, {"pk": 55, "model": "cuestionario.cuestionarioalumnodetalles", "fields": {"cuestionario_alumno": 1, "pregunta": 15, "respuesta": 0}}, {"pk": 56, "model": "cuestionario.cuestionarioalumnodetalles", "fields": {"cuestionario_alumno": 1, "pregunta": 79, "respuesta": 1}}, {"pk": 57, "model": "cuestionario.cuestionarioalumnodetalles", "fields": {"cuestionario_alumno": 1, "pregunta": 78, "respuesta": 1}}, {"pk": 58, "model": "cuestionario.cuestionarioalumnodetalles", "fields": {"cuestionario_alumno": 1, "pregunta": 11, "respuesta": 0}}, {"pk": 59, "model": "cuestionario.cuestionarioalumnodetalles", "fields": {"cuestionario_alumno": 1, "pregunta": 10, "respuesta": 0}}, {"pk": 60, "model": "cuestionario.cuestionarioalumnodetalles", "fields": {"cuestionario_alumno": 1, "pregunta": 39, "respuesta": 1}}, {"pk": 61, "model": "cuestionario.cuestionarioalumnodetalles", "fields": {"cuestionario_alumno": 1, "pregunta": 38, "respuesta": 0}}, {"pk": 62, "model": "cuestionario.cuestionarioalumnodetalles", "fields": {"cuestionario_alumno": 1, "pregunta": 59, "respuesta": 1}}, {"pk": 63, "model": "cuestionario.cuestionarioalumnodetalles", "fields": {"cuestionario_alumno": 1, "pregunta": 22, "respuesta": 0}}, {"pk": 64, "model": "cuestionario.cuestionarioalumnodetalles", "fields": {"cuestionario_alumno": 1, "pregunta": 17, "respuesta": 1}}, {"pk": 65, "model": "cuestionario.cuestionarioalumnodetalles", "fields": {"cuestionario_alumno": 1, "pregunta": 16, "respuesta": 0}}, {"pk": 66, "model": "cuestionario.cuestionarioalumnodetalles", "fields": {"cuestionario_alumno": 1, "pregunta": 19, "respuesta": 1}}, {"pk": 67, "model": "cuestionario.cuestionarioalumnodetalles", "fields": {"cuestionario_alumno": 1, "pregunta": 54, "respuesta": 1}}, {"pk": 68, "model": "cuestionario.cuestionarioalumnodetalles", "fields": {"cuestionario_alumno": 1, "pregunta": 31, "respuesta": 0}}, {"pk": 69, "model": "cuestionario.cuestionarioalumnodetalles", "fields": {"cuestionario_alumno": 1, "pregunta": 56, "respuesta": 1}}, {"pk": 70, "model": "cuestionario.cuestionarioalumnodetalles", "fields": {"cuestionario_alumno": 1, "pregunta": 51, "respuesta": 0}}, {"pk": 71, "model": "cuestionario.cuestionarioalumnodetalles", "fields": {"cuestionario_alumno": 1, "pregunta": 36, "respuesta": 0}}, {"pk": 72, "model": "cuestionario.cuestionarioalumnodetalles", "fields": {"cuestionario_alumno": 1, "pregunta": 53, "respuesta": 1}}, {"pk": 73, "model": "cuestionario.cuestionarioalumnodetalles", "fields": {"cuestionario_alumno": 1, "pregunta": 52, "respuesta": 0}}, {"pk": 74, "model": "cuestionario.cuestionarioalumnodetalles", "fields": {"cuestionario_alumno": 1, "pregunta": 33, "respuesta": 0}}, {"pk": 75, "model": "cuestionario.cuestionarioalumnodetalles", "fields": {"cuestionario_alumno": 1, "pregunta": 55, "respuesta": 0}}, {"pk": 76, "model": "cuestionario.cuestionarioalumnodetalles", "fields": {"cuestionario_alumno": 1, "pregunta": 74, "respuesta": 0}}, {"pk": 77, "model": "cuestionario.cuestionarioalumnodetalles", "fields": {"cuestionario_alumno": 1, "pregunta": 37, "respuesta": 1}}, {"pk": 78, "model": "cuestionario.cuestionarioalumnodetalles", "fields": {"cuestionario_alumno": 1, "pregunta": 47, "respuesta": 0}}, {"pk": 79, "model": "cuestionario.cuestionarioalumnodetalles", "fields": {"cuestionario_alumno": 1, "pregunta": 14, "respuesta": 0}}, {"pk": 80, "model": "cuestionario.cuestionarioalumnodetalles", "fields": {"cuestionario_alumno": 1, "pregunta": 50, "respuesta": 1}}, {"pk": 81, "model": "cuestionario.cuestionarioalumnodetalles", "fields": {"cuestionario_alumno": 2, "pregunta": 58, "respuesta": 1}}, {"pk": 82, "model": "cuestionario.cuestionarioalumnodetalles", "fields": {"cuestionario_alumno": 2, "pregunta": 30, "respuesta": 0}}, {"pk": 83, "model": "cuestionario.cuestionarioalumnodetalles", "fields": {"cuestionario_alumno": 2, "pregunta": 28, "respuesta": 1}}, {"pk": 84, "model": "cuestionario.cuestionarioalumnodetalles", "fields": {"cuestionario_alumno": 2, "pregunta": 29, "respuesta": 1}}, {"pk": 85, "model": "cuestionario.cuestionarioalumnodetalles", "fields": {"cuestionario_alumno": 2, "pregunta": 60, "respuesta": 0}}, {"pk": 86, "model": "cuestionario.cuestionarioalumnodetalles", "fields": {"cuestionario_alumno": 2, "pregunta": 61, "respuesta": 1}}, {"pk": 87, "model": "cuestionario.cuestionarioalumnodetalles", "fields": {"cuestionario_alumno": 2, "pregunta": 62, "respuesta": 1}}, {"pk": 88, "model": "cuestionario.cuestionarioalumnodetalles", "fields": {"cuestionario_alumno": 2, "pregunta": 63, "respuesta": 1}}, {"pk": 89, "model": "cuestionario.cuestionarioalumnodetalles", "fields": {"cuestionario_alumno": 2, "pregunta": 64, "respuesta": 1}}, {"pk": 90, "model": "cuestionario.cuestionarioalumnodetalles", "fields": {"cuestionario_alumno": 2, "pregunta": 65, "respuesta": 0}}, {"pk": 91, "model": "cuestionario.cuestionarioalumnodetalles", "fields": {"cuestionario_alumno": 2, "pregunta": 66, "respuesta": 1}}, {"pk": 92, "model": "cuestionario.cuestionarioalumnodetalles", "fields": {"cuestionario_alumno": 2, "pregunta": 67, "respuesta": 1}}, {"pk": 93, "model": "cuestionario.cuestionarioalumnodetalles", "fields": {"cuestionario_alumno": 2, "pregunta": 68, "respuesta": 1}}, {"pk": 94, "model": "cuestionario.cuestionarioalumnodetalles", "fields": {"cuestionario_alumno": 2, "pregunta": 69, "respuesta": 0}}, {"pk": 95, "model": "cuestionario.cuestionarioalumnodetalles", "fields": {"cuestionario_alumno": 2, "pregunta": 80, "respuesta": 0}}, {"pk": 96, "model": "cuestionario.cuestionarioalumnodetalles", "fields": {"cuestionario_alumno": 2, "pregunta": 34, "respuesta": 0}}, {"pk": 97, "model": "cuestionario.cuestionarioalumnodetalles", "fields": {"cuestionario_alumno": 2, "pregunta": 24, "respuesta": 0}}, {"pk": 98, "model": "cuestionario.cuestionarioalumnodetalles", "fields": {"cuestionario_alumno": 2, "pregunta": 25, "respuesta": 0}}, {"pk": 99, "model": "cuestionario.cuestionarioalumnodetalles", "fields": {"cuestionario_alumno": 2, "pregunta": 26, "respuesta": 1}}, {"pk": 100, "model": "cuestionario.cuestionarioalumnodetalles", "fields": {"cuestionario_alumno": 2, "pregunta": 27, "respuesta": 1}}, {"pk": 101, "model": "cuestionario.cuestionarioalumnodetalles", "fields": {"cuestionario_alumno": 2, "pregunta": 20, "respuesta": 1}}, {"pk": 102, "model": "cuestionario.cuestionarioalumnodetalles", "fields": {"cuestionario_alumno": 2, "pregunta": 21, "respuesta": 1}}, {"pk": 103, "model": "cuestionario.cuestionarioalumnodetalles", "fields": {"cuestionario_alumno": 2, "pregunta": 48, "respuesta": 1}}, {"pk": 104, "model": "cuestionario.cuestionarioalumnodetalles", "fields": {"cuestionario_alumno": 2, "pregunta": 49, "respuesta": 1}}, {"pk": 105, "model": "cuestionario.cuestionarioalumnodetalles", "fields": {"cuestionario_alumno": 2, "pregunta": 46, "respuesta": 1}}, {"pk": 106, "model": "cuestionario.cuestionarioalumnodetalles", "fields": {"cuestionario_alumno": 2, "pregunta": 23, "respuesta": 0}}, {"pk": 107, "model": "cuestionario.cuestionarioalumnodetalles", "fields": {"cuestionario_alumno": 2, "pregunta": 44, "respuesta": 1}}, {"pk": 108, "model": "cuestionario.cuestionarioalumnodetalles", "fields": {"cuestionario_alumno": 2, "pregunta": 45, "respuesta": 0}}, {"pk": 109, "model": "cuestionario.cuestionarioalumnodetalles", "fields": {"cuestionario_alumno": 2, "pregunta": 42, "respuesta": 0}}, {"pk": 110, "model": "cuestionario.cuestionarioalumnodetalles", "fields": {"cuestionario_alumno": 2, "pregunta": 43, "respuesta": 0}}, {"pk": 111, "model": "cuestionario.cuestionarioalumnodetalles", "fields": {"cuestionario_alumno": 2, "pregunta": 40, "respuesta": 1}}, {"pk": 112, "model": "cuestionario.cuestionarioalumnodetalles", "fields": {"cuestionario_alumno": 2, "pregunta": 41, "respuesta": 0}}, {"pk": 113, "model": "cuestionario.cuestionarioalumnodetalles", "fields": {"cuestionario_alumno": 2, "pregunta": 1, "respuesta": 1}}, {"pk": 114, "model": "cuestionario.cuestionarioalumnodetalles", "fields": {"cuestionario_alumno": 2, "pregunta": 35, "respuesta": 0}}, {"pk": 115, "model": "cuestionario.cuestionarioalumnodetalles", "fields": {"cuestionario_alumno": 2, "pregunta": 3, "respuesta": 1}}, {"pk": 116, "model": "cuestionario.cuestionarioalumnodetalles", "fields": {"cuestionario_alumno": 2, "pregunta": 2, "respuesta": 1}}, {"pk": 117, "model": "cuestionario.cuestionarioalumnodetalles", "fields": {"cuestionario_alumno": 2, "pregunta": 5, "respuesta": 0}}, {"pk": 118, "model": "cuestionario.cuestionarioalumnodetalles", "fields": {"cuestionario_alumno": 2, "pregunta": 4, "respuesta": 0}}, {"pk": 119, "model": "cuestionario.cuestionarioalumnodetalles", "fields": {"cuestionario_alumno": 2, "pregunta": 7, "respuesta": 0}}, {"pk": 120, "model": "cuestionario.cuestionarioalumnodetalles", "fields": {"cuestionario_alumno": 2, "pregunta": 6, "respuesta": 1}}, {"pk": 121, "model": "cuestionario.cuestionarioalumnodetalles", "fields": {"cuestionario_alumno": 2, "pregunta": 9, "respuesta": 1}}, {"pk": 122, "model": "cuestionario.cuestionarioalumnodetalles", "fields": {"cuestionario_alumno": 2, "pregunta": 8, "respuesta": 1}}, {"pk": 123, "model": "cuestionario.cuestionarioalumnodetalles", "fields": {"cuestionario_alumno": 2, "pregunta": 32, "respuesta": 1}}, {"pk": 124, "model": "cuestionario.cuestionarioalumnodetalles", "fields": {"cuestionario_alumno": 2, "pregunta": 18, "respuesta": 1}}, {"pk": 125, "model": "cuestionario.cuestionarioalumnodetalles", "fields": {"cuestionario_alumno": 2, "pregunta": 13, "respuesta": 1}}, {"pk": 126, "model": "cuestionario.cuestionarioalumnodetalles", "fields": {"cuestionario_alumno": 2, "pregunta": 57, "respuesta": 1}}, {"pk": 127, "model": "cuestionario.cuestionarioalumnodetalles", "fields": {"cuestionario_alumno": 2, "pregunta": 77, "respuesta": 1}}, {"pk": 128, "model": "cuestionario.cuestionarioalumnodetalles", "fields": {"cuestionario_alumno": 2, "pregunta": 76, "respuesta": 0}}, {"pk": 129, "model": "cuestionario.cuestionarioalumnodetalles", "fields": {"cuestionario_alumno": 2, "pregunta": 75, "respuesta": 1}}, {"pk": 130, "model": "cuestionario.cuestionarioalumnodetalles", "fields": {"cuestionario_alumno": 2, "pregunta": 12, "respuesta": 1}}, {"pk": 131, "model": "cuestionario.cuestionarioalumnodetalles", "fields": {"cuestionario_alumno": 2, "pregunta": 73, "respuesta": 1}}, {"pk": 132, "model": "cuestionario.cuestionarioalumnodetalles", "fields": {"cuestionario_alumno": 2, "pregunta": 72, "respuesta": 1}}, {"pk": 133, "model": "cuestionario.cuestionarioalumnodetalles", "fields": {"cuestionario_alumno": 2, "pregunta": 71, "respuesta": 0}}, {"pk": 134, "model": "cuestionario.cuestionarioalumnodetalles", "fields": {"cuestionario_alumno": 2, "pregunta": 70, "respuesta": 1}}, {"pk": 135, "model": "cuestionario.cuestionarioalumnodetalles", "fields": {"cuestionario_alumno": 2, "pregunta": 15, "respuesta": 0}}, {"pk": 136, "model": "cuestionario.cuestionarioalumnodetalles", "fields": {"cuestionario_alumno": 2, "pregunta": 79, "respuesta": 1}}, {"pk": 137, "model": "cuestionario.cuestionarioalumnodetalles", "fields": {"cuestionario_alumno": 2, "pregunta": 78, "respuesta": 1}}, {"pk": 138, "model": "cuestionario.cuestionarioalumnodetalles", "fields": {"cuestionario_alumno": 2, "pregunta": 11, "respuesta": 1}}, {"pk": 139, "model": "cuestionario.cuestionarioalumnodetalles", "fields": {"cuestionario_alumno": 2, "pregunta": 10, "respuesta": 0}}, {"pk": 140, "model": "cuestionario.cuestionarioalumnodetalles", "fields": {"cuestionario_alumno": 2, "pregunta": 39, "respuesta": 1}}, {"pk": 141, "model": "cuestionario.cuestionarioalumnodetalles", "fields": {"cuestionario_alumno": 2, "pregunta": 38, "respuesta": 0}}, {"pk": 142, "model": "cuestionario.cuestionarioalumnodetalles", "fields": {"cuestionario_alumno": 2, "pregunta": 59, "respuesta": 1}}, {"pk": 143, "model": "cuestionario.cuestionarioalumnodetalles", "fields": {"cuestionario_alumno": 2, "pregunta": 22, "respuesta": 0}}, {"pk": 144, "model": "cuestionario.cuestionarioalumnodetalles", "fields": {"cuestionario_alumno": 2, "pregunta": 17, "respuesta": 1}}, {"pk": 145, "model": "cuestionario.cuestionarioalumnodetalles", "fields": {"cuestionario_alumno": 2, "pregunta": 16, "respuesta": 1}}, {"pk": 146, "model": "cuestionario.cuestionarioalumnodetalles", "fields": {"cuestionario_alumno": 2, "pregunta": 19, "respuesta": 0}}, {"pk": 147, "model": "cuestionario.cuestionarioalumnodetalles", "fields": {"cuestionario_alumno": 2, "pregunta": 54, "respuesta": 1}}, {"pk": 148, "model": "cuestionario.cuestionarioalumnodetalles", "fields": {"cuestionario_alumno": 2, "pregunta": 31, "respuesta": 1}}, {"pk": 149, "model": "cuestionario.cuestionarioalumnodetalles", "fields": {"cuestionario_alumno": 2, "pregunta": 56, "respuesta": 0}}, {"pk": 150, "model": "cuestionario.cuestionarioalumnodetalles", "fields": {"cuestionario_alumno": 2, "pregunta": 51, "respuesta": 0}}, {"pk": 151, "model": "cuestionario.cuestionarioalumnodetalles", "fields": {"cuestionario_alumno": 2, "pregunta": 36, "respuesta": 0}}, {"pk": 152, "model": "cuestionario.cuestionarioalumnodetalles", "fields": {"cuestionario_alumno": 2, "pregunta": 53, "respuesta": 1}}, {"pk": 153, "model": "cuestionario.cuestionarioalumnodetalles", "fields": {"cuestionario_alumno": 2, "pregunta": 52, "respuesta": 0}}, {"pk": 154, "model": "cuestionario.cuestionarioalumnodetalles", "fields": {"cuestionario_alumno": 2, "pregunta": 33, "respuesta": 0}}, {"pk": 155, "model": "cuestionario.cuestionarioalumnodetalles", "fields": {"cuestionario_alumno": 2, "pregunta": 55, "respuesta": 1}}, {"pk": 156, "model": "cuestionario.cuestionarioalumnodetalles", "fields": {"cuestionario_alumno": 2, "pregunta": 74, "respuesta": 0}}, {"pk": 157, "model": "cuestionario.cuestionarioalumnodetalles", "fields": {"cuestionario_alumno": 2, "pregunta": 37, "respuesta": 1}}, {"pk": 158, "model": "cuestionario.cuestionarioalumnodetalles", "fields": {"cuestionario_alumno": 2, "pregunta": 47, "respuesta": 1}}, {"pk": 159, "model": "cuestionario.cuestionarioalumnodetalles", "fields": {"cuestionario_alumno": 2, "pregunta": 14, "respuesta": 1}}, {"pk": 160, "model": "cuestionario.cuestionarioalumnodetalles", "fields": {"cuestionario_alumno": 2, "pregunta": 50, "respuesta": 0}}, {"pk": 1, "model": "cuestionario.resultado", "fields": {"categoria": 1, "cantidad": 14.0, "cuestionario_llena": 1}}, {"pk": 2, "model": "cuestionario.resultado", "fields": {"categoria": 2, "cantidad": 8.0, "cuestionario_llena": 1}}, {"pk": 3, "model": "cuestionario.resultado", "fields": {"categoria": 3, "cantidad": 12.0, "cuestionario_llena": 1}}, {"pk": 4, "model": "cuestionario.resultado", "fields": {"categoria": 4, "cantidad": 7.0, "cuestionario_llena": 1}}, {"pk": 5, "model": "cuestionario.resultado", "fields": {"categoria": 1, "cantidad": 14.0, "cuestionario_llena": 2}}, {"pk": 6, "model": "cuestionario.resultado", "fields": {"categoria": 2, "cantidad": 13.0, "cuestionario_llena": 2}}, {"pk": 7, "model": "cuestionario.resultado", "fields": {"categoria": 3, "cantidad": 10.0, "cuestionario_llena": 2}}, {"pk": 8, "model": "cuestionario.resultado", "fields": {"categoria": 4, "cantidad": 12.0, "cuestionario_llena": 2}}, {"pk": 4, "model": "auth.permission", "fields": {"codename": "add_group", "name": "Can add group", "content_type": 2}}, {"pk": 5, "model": "auth.permission", "fields": {"codename": "change_group", "name": "Can change group", "content_type": 2}}, {"pk": 6, "model": "auth.permission", "fields": {"codename": "delete_group", "name": "Can delete group", "content_type": 2}}, {"pk": 1, "model": "auth.permission", "fields": {"codename": "add_permission", "name": "Can add permission", "content_type": 1}}, {"pk": 2, "model": "auth.permission", "fields": {"codename": "change_permission", "name": "Can change permission", "content_type": 1}}, {"pk": 3, "model": "auth.permission", "fields": {"codename": "delete_permission", "name": "Can delete permission", "content_type": 1}}, {"pk": 7, "model": "auth.permission", "fields": {"codename": "add_user", "name": "Can add user", "content_type": 3}}, {"pk": 8, "model": "auth.permission", "fields": {"codename": "change_user", "name": "Can change user", "content_type": 3}}, {"pk": 9, "model": "auth.permission", "fields": {"codename": "delete_user", "name": "Can delete user", "content_type": 3}}, {"pk": 10, "model": "auth.permission", "fields": {"codename": "add_contenttype", "name": "Can add content type", "content_type": 4}}, {"pk": 11, "model": "auth.permission", "fields": {"codename": "change_contenttype", "name": "Can change content type", "content_type": 4}}, {"pk": 12, "model": "auth.permission", "fields": {"codename": "delete_contenttype", "name": "Can delete content type", "content_type": 4}}, {"pk": 46, "model": "auth.permission", "fields": {"codename": "add_alternativa", "name": "Can add alternativa", "content_type": 16}}, {"pk": 47, "model": "auth.permission", "fields": {"codename": "change_alternativa", "name": "Can change alternativa", "content_type": 16}}, {"pk": 48, "model": "auth.permission", "fields": {"codename": "delete_alternativa", "name": "Can delete alternativa", "content_type": 16}}, {"pk": 40, "model": "auth.permission", "fields": {"codename": "add_categoria", "name": "Can add categoria", "content_type": 14}}, {"pk": 41, "model": "auth.permission", "fields": {"codename": "change_categoria", "name": "Can change categoria", "content_type": 14}}, {"pk": 42, "model": "auth.permission", "fields": {"codename": "delete_categoria", "name": "Can delete categoria", "content_type": 14}}, {"pk": 37, "model": "auth.permission", "fields": {"codename": "add_cuestionario", "name": "Can add cuestionario", "content_type": 13}}, {"pk": 38, "model": "auth.permission", "fields": {"codename": "change_cuestionario", "name": "Can change cuestionario", "content_type": 13}}, {"pk": 39, "model": "auth.permission", "fields": {"codename": "delete_cuestionario", "name": "Can delete cuestionario", "content_type": 13}}, {"pk": 49, "model": "auth.permission", "fields": {"codename": "add_cuestionarioalumno", "name": "Can add cuestionario alumno", "content_type": 17}}, {"pk": 50, "model": "auth.permission", "fields": {"codename": "change_cuestionarioalumno", "name": "Can change cuestionario alumno", "content_type": 17}}, {"pk": 51, "model": "auth.permission", "fields": {"codename": "delete_cuestionarioalumno", "name": "Can delete cuestionario alumno", "content_type": 17}}, {"pk": 52, "model": "auth.permission", "fields": {"codename": "add_cuestionarioalumnodetalles", "name": "Can add cuestionario alumno detalles", "content_type": 18}}, {"pk": 53, "model": "auth.permission", "fields": {"codename": "change_cuestionarioalumnodetalles", "name": "Can change cuestionario alumno detalles", "content_type": 18}}, {"pk": 54, "model": "auth.permission", "fields": {"codename": "delete_cuestionarioalumnodetalles", "name": "Can delete cuestionario alumno detalles", "content_type": 18}}, {"pk": 43, "model": "auth.permission", "fields": {"codename": "add_pregunta", "name": "Can add pregunta", "content_type": 15}}, {"pk": 44, "model": "auth.permission", "fields": {"codename": "change_pregunta", "name": "Can change pregunta", "content_type": 15}}, {"pk": 45, "model": "auth.permission", "fields": {"codename": "delete_pregunta", "name": "Can delete pregunta", "content_type": 15}}, {"pk": 55, "model": "auth.permission", "fields": {"codename": "add_resultado", "name": "Can add resultado", "content_type": 19}}, {"pk": 56, "model": "auth.permission", "fields": {"codename": "change_resultado", "name": "Can change resultado", "content_type": 19}}, {"pk": 57, "model": "auth.permission", "fields": {"codename": "delete_resultado", "name": "Can delete resultado", "content_type": 19}}, {"pk": 58, "model": "auth.permission", "fields": {"codename": "add_textoayuda", "name": "Can add texto ayuda", "content_type": 20}}, {"pk": 59, "model": "auth.permission", "fields": {"codename": "change_textoayuda", "name": "Can change texto ayuda", "content_type": 20}}, {"pk": 60, "model": "auth.permission", "fields": {"codename": "delete_textoayuda", "name": "Can delete texto ayuda", "content_type": 20}}, {"pk": 28, "model": "auth.permission", "fields": {"codename": "add_alumno", "name": "Can add alumno", "content_type": 10}}, {"pk": 29, "model": "auth.permission", "fields": {"codename": "change_alumno", "name": "Can change alumno", "content_type": 10}}, {"pk": 30, "model": "auth.permission", "fields": {"codename": "delete_alumno", "name": "Can delete alumno", "content_type": 10}}, {"pk": 22, "model": "auth.permission", "fields": {"codename": "add_carreraprofesional", "name": "Can add carrera profesional", "content_type": 8}}, {"pk": 23, "model": "auth.permission", "fields": {"codename": "change_carreraprofesional", "name": "Can change carrera profesional", "content_type": 8}}, {"pk": 24, "model": "auth.permission", "fields": {"codename": "delete_carreraprofesional", "name": "Can delete carrera profesional", "content_type": 8}}, {"pk": 25, "model": "auth.permission", "fields": {"codename": "add_curso", "name": "Can add curso", "content_type": 9}}, {"pk": 26, "model": "auth.permission", "fields": {"codename": "change_curso", "name": "Can change curso", "content_type": 9}}, {"pk": 27, "model": "auth.permission", "fields": {"codename": "delete_curso", "name": "Can delete curso", "content_type": 9}}, {"pk": 31, "model": "auth.permission", "fields": {"codename": "add_docente", "name": "Can add docente", "content_type": 11}}, {"pk": 32, "model": "auth.permission", "fields": {"codename": "change_docente", "name": "Can change docente", "content_type": 11}}, {"pk": 33, "model": "auth.permission", "fields": {"codename": "delete_docente", "name": "Can delete docente", "content_type": 11}}, {"pk": 34, "model": "auth.permission", "fields": {"codename": "add_matricula", "name": "Can add matricula", "content_type": 12}}, {"pk": 35, "model": "auth.permission", "fields": {"codename": "change_matricula", "name": "Can change matricula", "content_type": 12}}, {"pk": 36, "model": "auth.permission", "fields": {"codename": "delete_matricula", "name": "Can delete matricula", "content_type": 12}}, {"pk": 13, "model": "auth.permission", "fields": {"codename": "add_session", "name": "Can add session", "content_type": 5}}, {"pk": 14, "model": "auth.permission", "fields": {"codename": "change_session", "name": "Can change session", "content_type": 5}}, {"pk": 15, "model": "auth.permission", "fields": {"codename": "delete_session", "name": "Can delete session", "content_type": 5}}, {"pk": 16, "model": "auth.permission", "fields": {"codename": "add_site", "name": "Can add site", "content_type": 6}}, {"pk": 17, "model": "auth.permission", "fields": {"codename": "change_site", "name": "Can change site", "content_type": 6}}, {"pk": 18, "model": "auth.permission", "fields": {"codename": "delete_site", "name": "Can delete site", "content_type": 6}}, {"pk": 19, "model": "auth.permission", "fields": {"codename": "add_migrationhistory", "name": "Can add migration history", "content_type": 7}}, {"pk": 20, "model": "auth.permission", "fields": {"codename": "change_migrationhistory", "name": "Can change migration history", "content_type": 7}}, {"pk": 21, "model": "auth.permission", "fields": {"codename": "delete_migrationhistory", "name": "Can delete migration history", "content_type": 7}}, {"pk": 3, "model": "auth.group", "fields": {"name": "administrador", "permissions": []}}, {"pk": 1, "model": "auth.group", "fields": {"name": "alumno", "permissions": []}}, {"pk": 2, "model": "auth.group", "fields": {"name": "docente", "permissions": []}}, {"pk": 1, "model": "auth.user", "fields": {"username": "admin", "first_name": "", "last_name": "", "is_active": true, "is_superuser": true, "is_staff": true, "last_login": "2013-07-08T01:34:13Z", "groups": [3], "user_permissions": [], "password": "pbkdf2_sha256$10000$vCX5JpE2etBK$749W6GtuYi4aRfI0nrWFEmgRXnm2qRVqROnBPbBp300=", "email": "admin@admin.ad", "date_joined": "2013-04-16T11:08:01Z"}}, {"pk": 2, "model": "auth.user", "fields": {"username": "070686", "first_name": "", "last_name": "", "is_active": true, "is_superuser": false, "is_staff": false, "last_login": "2013-06-28T04:23:41Z", "groups": [1], "user_permissions": [], "password": "pbkdf2_sha256$10000$wnZaQjzEUSYm$2Z/f1xFhVt7ifFc6TByyt0b79nnhkcSjXzdsOqsydro=", "email": "", "date_joined": "2013-06-28T03:32:03Z"}}, {"pk": 3, "model": "auth.user", "fields": {"username": "091359", "first_name": "", "last_name": "", "is_active": true, "is_superuser": false, "is_staff": false, "last_login": "2013-06-28T03:32:04Z", "groups": [1], "user_permissions": [], "password": "pbkdf2_sha256$10000$ueFbEybUKvAM$XHPYrofgOqIAEshBFU2uxutqAvGh3OjZgBRE/sWmGXc=", "email": "", "date_joined": "2013-06-28T03:32:04Z"}}, {"pk": 4, "model": "auth.user", "fields": {"username": "100510", "first_name": "", "last_name": "", "is_active": true, "is_superuser": false, "is_staff": false, "last_login": "2013-06-28T03:32:06Z", "groups": [1], "user_permissions": [], "password": "pbkdf2_sha256$10000$yLfINkJVkSE2$0CMSWjfat0iglBVvqW+L7TC3p6FRszT9hlxaxaw7FBQ=", "email": "", "date_joined": "2013-06-28T03:32:06Z"}}, {"pk": 5, "model": "auth.user", "fields": {"username": "090623", "first_name": "", "last_name": "", "is_active": true, "is_superuser": false, "is_staff": false, "last_login": "2013-06-28T03:32:07Z", "groups": [1], "user_permissions": [], "password": "pbkdf2_sha256$10000$X7igJjLXmmBh$iQMk50OcXKjcEl2QXrbgmndpWXgL+t2d2GLVDxeosrE=", "email": "", "date_joined": "2013-06-28T03:32:07Z"}}, {"pk": 6, "model": "auth.user", "fields": {"username": "100513", "first_name": "", "last_name": "", "is_active": true, "is_superuser": false, "is_staff": false, "last_login": "2013-06-28T03:32:08Z", "groups": [1], "user_permissions": [], "password": "pbkdf2_sha256$10000$Npa4WYx0Jmr8$D63zAimLa5eb4tQ8ErXtYjuxsFksJnYNy9tqFLisUBs=", "email": "", "date_joined": "2013-06-28T03:32:08Z"}}, {"pk": 7, "model": "auth.user", "fields": {"username": "090220", "first_name": "", "last_name": "", "is_active": true, "is_superuser": false, "is_staff": false, "last_login": "2013-06-28T03:32:10Z", "groups": [1], "user_permissions": [], "password": "pbkdf2_sha256$10000$Ttuq8HFPe84B$Qx7153EMttoLJ84vOa9roXNJYOJsqhpdqBVqiw3YkJ4=", "email": "", "date_joined": "2013-06-28T03:32:10Z"}}, {"pk": 8, "model": "auth.user", "fields": {"username": "091612", "first_name": "", "last_name": "", "is_active": true, "is_superuser": false, "is_staff": false, "last_login": "2013-06-28T03:32:11Z", "groups": [1], "user_permissions": [], "password": "pbkdf2_sha256$10000$tSef8x0d7PTK$nfgTuz886ZMZ25FJpB7FHabpmMhfDDkpGO1jxn7QWIw=", "email": "", "date_joined": "2013-06-28T03:32:11Z"}}, {"pk": 9, "model": "auth.user", "fields": {"username": "091616", "first_name": "", "last_name": "", "is_active": true, "is_superuser": false, "is_staff": false, "last_login": "2013-06-28T03:32:12Z", "groups": [1], "user_permissions": [], "password": "pbkdf2_sha256$10000$wGWA1vy0UD7D$FX5QEensUAqAqgPiK2LZiiTbwYbwh2GvbPranvrbUB4=", "email": "", "date_joined": "2013-06-28T03:32:12Z"}}, {"pk": 10, "model": "auth.user", "fields": {"username": "091619", "first_name": "", "last_name": "", "is_active": true, "is_superuser": false, "is_staff": false, "last_login": "2013-06-28T03:32:14Z", "groups": [1], "user_permissions": [], "password": "pbkdf2_sha256$10000$BK9emdfrvATm$1GEjFeRMdSXSc1CGrRYAdHD53rGErk+knhrTm3hvOH4=", "email": "", "date_joined": "2013-06-28T03:32:14Z"}}, {"pk": 11, "model": "auth.user", "fields": {"username": "093192", "first_name": "", "last_name": "", "is_active": true, "is_superuser": false, "is_staff": false, "last_login": "2013-06-28T03:32:15Z", "groups": [1], "user_permissions": [], "password": "pbkdf2_sha256$10000$6nppgdl6kzOx$ZGFS9+HDdb+JAAxXuWIdBTTWdNO09vKyZpLNhv6AlSM=", "email": "", "date_joined": "2013-06-28T03:32:15Z"}}, {"pk": 12, "model": "auth.user", "fields": {"username": "093193", "first_name": "", "last_name": "", "is_active": true, "is_superuser": false, "is_staff": false, "last_login": "2013-06-28T03:32:16Z", "groups": [1], "user_permissions": [], "password": "pbkdf2_sha256$10000$05RQ3Dx9svAC$nrg/VSXYZW80TthNdXdsVl8EnTL94B8J5xwMGCQ7Fyk=", "email": "", "date_joined": "2013-06-28T03:32:16Z"}}, {"pk": 13, "model": "auth.user", "fields": {"username": "070729", "first_name": "", "last_name": "", "is_active": true, "is_superuser": false, "is_staff": false, "last_login": "2013-06-28T03:32:18Z", "groups": [1], "user_permissions": [], "password": "pbkdf2_sha256$10000$sLhyn50g6yhI$ViAc89BSMt3hRfaoUA8/t9jrEoR6Au/gxq9B9f4R5+I=", "email": "", "date_joined": "2013-06-28T03:32:18Z"}}, {"pk": 14, "model": "auth.user", "fields": {"username": "14769", "first_name": "", "last_name": "", "is_active": true, "is_superuser": false, "is_staff": false, "last_login": "2013-06-30T21:49:55Z", "groups": [2], "user_permissions": [], "password": "pbkdf2_sha256$10000$1dyDMwJvZIjZ$bwXcFmDTOl8mSMeCBuWMy4yj4l6Sgg1+7ERyNqvPxog=", "email": "robertwap@hotmail.com", "date_joined": "2013-06-30T03:11:29Z"}}, {"pk": 15, "model": "auth.user", "fields": {"username": "14002", "first_name": "", "last_name": "", "is_active": true, "is_superuser": false, "is_staff": false, "last_login": "2013-06-30T03:11:30Z", "groups": [2], "user_permissions": [], "password": "pbkdf2_sha256$10000$C9RMGFRVGtyT$L9hzl361LBxIeLdsiHVsPpCJ7aF2dfKNiJLyOun12lw=", "email": "j-pillco@hotmail.com", "date_joined": "2013-06-30T03:11:30Z"}}, {"pk": 16, "model": "auth.user", "fields": {"username": "14389", "first_name": "", "last_name": "", "is_active": true, "is_superuser": false, "is_staff": false, "last_login": "2013-06-30T03:11:31Z", "groups": [2], "user_permissions": [], "password": "pbkdf2_sha256$10000$58qBvR59NgID$oRIBXy3sq4kJ9MGSi0g4g/hi3LP2AYTcAu7CvcCy3O8=", "email": "anggelito9@hotmail.com", "date_joined": "2013-06-30T03:11:31Z"}}, {"pk": 17, "model": "auth.user", "fields": {"username": "090803", "first_name": "", "last_name": "", "is_active": true, "is_superuser": false, "is_staff": false, "last_login": "2013-06-30T21:56:27Z", "groups": [1], "user_permissions": [], "password": "pbkdf2_sha256$10000$bD45A3q74H7e$HgdAM9XrpNA6GoHU9ddFKj1PiSMOqvOYARbCtL2Q9XY=", "email": "", "date_joined": "2013-06-30T21:56:27Z"}}, {"pk": 18, "model": "auth.user", "fields": {"username": "111857", "first_name": "", "last_name": "", "is_active": true, "is_superuser": false, "is_staff": false, "last_login": "2013-06-30T21:56:28Z", "groups": [1], "user_permissions": [], "password": "pbkdf2_sha256$10000$k6gTr0om2U8T$7lhSD/jp67yqzDZcHmNkcGxN/g1BYFfOcddH3uVj3RM=", "email": "", "date_joined": "2013-06-30T21:56:28Z"}}, {"pk": 19, "model": "auth.user", "fields": {"username": "093158", "first_name": "", "last_name": "", "is_active": true, "is_superuser": false, "is_staff": false, "last_login": "2013-06-30T21:56:29Z", "groups": [1], "user_permissions": [], "password": "pbkdf2_sha256$10000$QQY4qWaKEqRD$Hiy68YXdTwbpQpd533R3AkoR08drp2zYvt8iWbKLDTo=", "email": "", "date_joined": "2013-06-30T21:56:29Z"}}, {"pk": 20, "model": "auth.user", "fields": {"username": "101030", "first_name": "", "last_name": "", "is_active": true, "is_superuser": false, "is_staff": false, "last_login": "2013-06-30T21:56:31Z", "groups": [1], "user_permissions": [], "password": "pbkdf2_sha256$10000$9jLrFs3ld1R0$dP8hGjzZKnmeHk/ntzvhgJSs0j4dKMJeL/9uUP7rfIs=", "email": "", "date_joined": "2013-06-30T21:56:31Z"}}, {"pk": 21, "model": "auth.user", "fields": {"username": "073304", "first_name": "", "last_name": "", "is_active": true, "is_superuser": false, "is_staff": false, "last_login": "2013-06-30T21:56:32Z", "groups": [1], "user_permissions": [], "password": "pbkdf2_sha256$10000$Bzzn4fSRD0R3$fALFf/tlMcXuwlWzK/U2MS62m7I7ov/AiWb5Pd6UBNw=", "email": "", "date_joined": "2013-06-30T21:56:32Z"}}, {"pk": 22, "model": "auth.user", "fields": {"username": "062847", "first_name": "", "last_name": "", "is_active": true, "is_superuser": false, "is_staff": false, "last_login": "2013-06-30T21:56:33Z", "groups": [1], "user_permissions": [], "password": "pbkdf2_sha256$10000$q3eoEXav6iO7$NjZqf4hQXv7zbyG1P1bby+TI+eZ0ti/sE1agg51X/Fo=", "email": "", "date_joined": "2013-06-30T21:56:33Z"}}, {"pk": 23, "model": "auth.user", "fields": {"username": "073311", "first_name": "", "last_name": "", "is_active": true, "is_superuser": false, "is_staff": false, "last_login": "2013-06-30T21:56:35Z", "groups": [1], "user_permissions": [], "password": "pbkdf2_sha256$10000$2iDp6zdcjlcu$RvUS8t5DdSCpspnxTLJpp5ZzJGY7ElJUUV5Row1Ke+o=", "email": "", "date_joined": "2013-06-30T21:56:35Z"}}, {"pk": 24, "model": "auth.user", "fields": {"username": "093188", "first_name": "", "last_name": "", "is_active": true, "is_superuser": false, "is_staff": false, "last_login": "2013-06-30T21:56:36Z", "groups": [1], "user_permissions": [], "password": "pbkdf2_sha256$10000$sajjBKmRSwj9$ENUsFkaBJhkwAIE9ATKd+TIOlw9uMApOhAMjuVhP/78=", "email": "", "date_joined": "2013-06-30T21:56:36Z"}}, {"pk": 25, "model": "auth.user", "fields": {"username": "103177", "first_name": "", "last_name": "", "is_active": true, "is_superuser": false, "is_staff": false, "last_login": "2013-06-30T21:56:37Z", "groups": [1], "user_permissions": [], "password": "pbkdf2_sha256$10000$c7P1WAyFchNd$SWIYUHrD/33dQeDF3TWed2YEfhyus4bNSm5efrAOUT0=", "email": "", "date_joined": "2013-06-30T21:56:37Z"}}, {"pk": 26, "model": "auth.user", "fields": {"username": "090624", "first_name": "", "last_name": "", "is_active": true, "is_superuser": false, "is_staff": false, "last_login": "2013-06-30T21:56:38Z", "groups": [1], "user_permissions": [], "password": "pbkdf2_sha256$10000$X51YeiTfAi7w$n3S2ijlmHCyt3s0/jsiy5FuODarpv4qiF1CdU9BH2uQ=", "email": "", "date_joined": "2013-06-30T21:56:38Z"}}, {"pk": 27, "model": "auth.user", "fields": {"username": "070697", "first_name": "", "last_name": "", "is_active": true, "is_superuser": false, "is_staff": false, "last_login": "2013-06-30T21:56:40Z", "groups": [1], "user_permissions": [], "password": "pbkdf2_sha256$10000$4s0CibMzsyuX$Yl2LLK+9sTpQ3/hMsi8HR7rYhHvcTPfAM2QonbVMt1M=", "email": "", "date_joined": "2013-06-30T21:56:40Z"}}, {"pk": 28, "model": "auth.user", "fields": {"username": "070677", "first_name": "", "last_name": "", "is_active": true, "is_superuser": false, "is_staff": false, "last_login": "2013-06-30T21:56:51Z", "groups": [1], "user_permissions": [], "password": "pbkdf2_sha256$10000$MT7S9VrwC2KI$EW34/75h4iHXZyFs3a+oyE9M0nuzIvYKKKXztdRUTr4=", "email": "", "date_joined": "2013-06-30T21:56:51Z"}}, {"pk": 29, "model": "auth.user", "fields": {"username": "070680", "first_name": "", "last_name": "", "is_active": true, "is_superuser": false, "is_staff": false, "last_login": "2013-06-30T21:56:52Z", "groups": [1], "user_permissions": [], "password": "pbkdf2_sha256$10000$26RzNrkVVaVL$BJ6SebA1aGZMNeKm8i8TElFTP7vQXorEPgqARE0FQFE=", "email": "", "date_joined": "2013-06-30T21:56:52Z"}}, {"pk": 30, "model": "auth.user", "fields": {"username": "052104", "first_name": "", "last_name": "", "is_active": true, "is_superuser": false, "is_staff": false, "last_login": "2013-06-30T21:56:54Z", "groups": [1], "user_permissions": [], "password": "pbkdf2_sha256$10000$GzH7j7EetmN5$emjbS5gPmt1D6POIdUA7nC5ospuApFecQG/66srHeps=", "email": "", "date_joined": "2013-06-30T21:56:54Z"}}, {"pk": 31, "model": "auth.user", "fields": {"username": "932310", "first_name": "", "last_name": "", "is_active": true, "is_superuser": false, "is_staff": false, "last_login": "2013-07-06T15:58:37Z", "groups": [1], "user_permissions": [], "password": "pbkdf2_sha256$10000$xHDYvNFZpJHd$Ty2uHhb7IHyGtd0r35+5sVKTo5S0G4qJzqr2Wq5QzNg=", "email": "", "date_joined": "2013-06-30T21:56:55Z"}}, {"pk": 32, "model": "auth.user", "fields": {"username": "040978", "first_name": "", "last_name": "", "is_active": true, "is_superuser": false, "is_staff": false, "last_login": "2013-06-30T21:56:56Z", "groups": [1], "user_permissions": [], "password": "pbkdf2_sha256$10000$ypOOEkoCPkdh$+Yb+4WJvBQvzv4dXmTDcRsGHcWd7As3Nu4K95z3ZgVA=", "email": "", "date_joined": "2013-06-30T21:56:56Z"}}, {"pk": 33, "model": "auth.user", "fields": {"username": "010518", "first_name": "", "last_name": "", "is_active": true, "is_superuser": false, "is_staff": false, "last_login": "2013-06-30T21:56:57Z", "groups": [1], "user_permissions": [], "password": "pbkdf2_sha256$10000$bJIddcxl6RV5$LqtJLPVJOtn7QcVThdAcufR2akk7At0HqR7S71OuPwc=", "email": "", "date_joined": "2013-06-30T21:56:57Z"}}, {"pk": 34, "model": "auth.user", "fields": {"username": "110038", "first_name": "", "last_name": "", "is_active": true, "is_superuser": false, "is_staff": false, "last_login": "2013-06-30T21:56:59Z", "groups": [1], "user_permissions": [], "password": "pbkdf2_sha256$10000$ilXteDAufOW3$zOJyBO55Rh687HbP5pAuWNjLyCdIQkT459dktBAixxU=", "email": "", "date_joined": "2013-06-30T21:56:59Z"}}, {"pk": 35, "model": "auth.user", "fields": {"username": "070699", "first_name": "", "last_name": "", "is_active": true, "is_superuser": false, "is_staff": false, "last_login": "2013-06-30T21:57:00Z", "groups": [1], "user_permissions": [], "password": "pbkdf2_sha256$10000$vaePdm31cQfa$tryhFDA1qHoovDe4rjBsJ7D+DvERg4e5ZVawsqcuTaU=", "email": "", "date_joined": "2013-06-30T21:57:00Z"}}, {"pk": 36, "model": "auth.user", "fields": {"username": "070700", "first_name": "", "last_name": "", "is_active": true, "is_superuser": false, "is_staff": false, "last_login": "2013-06-30T21:57:01Z", "groups": [1], "user_permissions": [], "password": "pbkdf2_sha256$10000$vAceyn5g6Xek$GiLxVyeaFt6akcl52kLKImJkLSxKy3AqLMQzFmiQbdA=", "email": "", "date_joined": "2013-06-30T21:57:01Z"}}, {"pk": 37, "model": "auth.user", "fields": {"username": "083196", "first_name": "", "last_name": "", "is_active": true, "is_superuser": false, "is_staff": false, "last_login": "2013-06-30T21:57:02Z", "groups": [1], "user_permissions": [], "password": "pbkdf2_sha256$10000$DLrwobs7Lre2$A17d1650MVkrcmpg3IAkWf1eNVhoulELGck2E7R2RzM=", "email": "", "date_joined": "2013-06-30T21:57:02Z"}}, {"pk": 38, "model": "auth.user", "fields": {"username": "090218", "first_name": "", "last_name": "", "is_active": true, "is_superuser": false, "is_staff": false, "last_login": "2013-06-30T21:57:03Z", "groups": [1], "user_permissions": [], "password": "pbkdf2_sha256$10000$gij56lo4Wn6v$CxfZ+rR4ITZZ/PLp8eAH0eg9/jvsn+rubctXYGItsZg=", "email": "", "date_joined": "2013-06-30T21:57:03Z"}}, {"pk": 39, "model": "auth.user", "fields": {"username": "032120", "first_name": "", "last_name": "", "is_active": true, "is_superuser": false, "is_staff": false, "last_login": "2013-06-30T21:57:04Z", "groups": [1], "user_permissions": [], "password": "pbkdf2_sha256$10000$Gd3qSBoHIbks$RS+wXw5ptBfOuhiM2QYUVXoGXxjfE1NOBOyKjhufY20=", "email": "", "date_joined": "2013-06-30T21:57:04Z"}}, {"pk": 40, "model": "auth.user", "fields": {"username": "083201", "first_name": "", "last_name": "", "is_active": true, "is_superuser": false, "is_staff": false, "last_login": "2013-06-30T21:57:06Z", "groups": [1], "user_permissions": [], "password": "pbkdf2_sha256$10000$2R47hQJjxwrF$SzUqo4uXzK57wHOcZ1A4RbiYAPraHda8X9QDnQRdtqo=", "email": "", "date_joined": "2013-06-30T21:57:06Z"}}, {"pk": 41, "model": "auth.user", "fields": {"username": "093179", "first_name": "", "last_name": "", "is_active": true, "is_superuser": false, "is_staff": false, "last_login": "2013-06-30T21:57:07Z", "groups": [1], "user_permissions": [], "password": "pbkdf2_sha256$10000$KF3T0lRp4Xbk$CtrLe3dEowLXrhoWj8hZ5hCfQsc+jxQNznfZ9ce/rf4=", "email": "", "date_joined": "2013-06-30T21:57:07Z"}}, {"pk": 42, "model": "auth.user", "fields": {"username": "080219", "first_name": "", "last_name": "", "is_active": true, "is_superuser": false, "is_staff": false, "last_login": "2013-06-30T21:57:08Z", "groups": [1], "user_permissions": [], "password": "pbkdf2_sha256$10000$KY1zgvaLgfKe$8U5hIxub1XNkHabilp2z4m8wSoNkBrM3+vFA7A0/Acg=", "email": "", "date_joined": "2013-06-30T21:57:08Z"}}, {"pk": 43, "model": "auth.user", "fields": {"username": "083206", "first_name": "", "last_name": "", "is_active": true, "is_superuser": false, "is_staff": false, "last_login": "2013-06-30T21:57:09Z", "groups": [1], "user_permissions": [], "password": "pbkdf2_sha256$10000$aC93raGQxxuO$bvWrDJ/VXWvyvO1BAAw4ru0irHuph3s1IeurE+0jkFA=", "email": "", "date_joined": "2013-06-30T21:57:09Z"}}, {"pk": 44, "model": "auth.user", "fields": {"username": "073307", "first_name": "", "last_name": "", "is_active": true, "is_superuser": false, "is_staff": false, "last_login": "2013-06-30T21:57:10Z", "groups": [1], "user_permissions": [], "password": "pbkdf2_sha256$10000$JGtGTK4BqXKQ$CT40XPfk+hJ18+DDJtKlwI5hAPjozHdRxvf+e18sp4A=", "email": "", "date_joined": "2013-06-30T21:57:10Z"}}, {"pk": 45, "model": "auth.user", "fields": {"username": "083212", "first_name": "", "last_name": "", "is_active": true, "is_superuser": false, "is_staff": false, "last_login": "2013-06-30T21:57:11Z", "groups": [1], "user_permissions": [], "password": "pbkdf2_sha256$10000$spHhsy1O2am1$Aqlg9Vzn1iZDJ554DLTo0+pHD+/+rRWIk+4xE0hC8uY=", "email": "", "date_joined": "2013-06-30T21:57:11Z"}}, {"pk": 46, "model": "auth.user", "fields": {"username": "090809", "first_name": "", "last_name": "", "is_active": true, "is_superuser": false, "is_staff": false, "last_login": "2013-06-30T21:57:13Z", "groups": [1], "user_permissions": [], "password": "pbkdf2_sha256$10000$Ebl8ttzQSbyU$+ypg8DlPdpoh3t4qEyX458hSUfFWfzuuYbc9VQErK3M=", "email": "", "date_joined": "2013-06-30T21:57:13Z"}}, {"pk": 47, "model": "auth.user", "fields": {"username": "073318", "first_name": "", "last_name": "", "is_active": true, "is_superuser": false, "is_staff": false, "last_login": "2013-06-30T21:57:14Z", "groups": [1], "user_permissions": [], "password": "pbkdf2_sha256$10000$0YzLYoINhKPL$1Yo7nF70wIZ/E8rmGM7vqYQULOa7YsJ295GdEJOG5OA=", "email": "", "date_joined": "2013-06-30T21:57:14Z"}}, {"pk": 48, "model": "auth.user", "fields": {"username": "081111", "first_name": "", "last_name": "", "is_active": true, "is_superuser": false, "is_staff": false, "last_login": "2013-06-30T21:57:15Z", "groups": [1], "user_permissions": [], "password": "pbkdf2_sha256$10000$azjRWPVJNY3v$KIYBtgc48bPdLJdye0oGQzMq8xYH8kSBdA8EuPtU9V8=", "email": "", "date_joined": "2013-06-30T21:57:15Z"}}, {"pk": 49, "model": "auth.user", "fields": {"username": "091363", "first_name": "", "last_name": "", "is_active": true, "is_superuser": false, "is_staff": false, "last_login": "2013-06-30T21:57:16Z", "groups": [1], "user_permissions": [], "password": "pbkdf2_sha256$10000$VIkLkbBTblDH$QL+RLdx3Q9XOo+ySkoY/Z4qMn+VbJY5MrdgNvmFZa38=", "email": "", "date_joined": "2013-06-30T21:57:16Z"}}, {"pk": 50, "model": "auth.user", "fields": {"username": "073322", "first_name": "", "last_name": "", "is_active": true, "is_superuser": false, "is_staff": false, "last_login": "2013-06-30T21:57:18Z", "groups": [1], "user_permissions": [], "password": "pbkdf2_sha256$10000$cVjHF4YgYa9T$L0NCHU/QyhqNylMgmdWdB0wrOeYxIclKQSAzTXgCBaY=", "email": "", "date_joined": "2013-06-30T21:57:18Z"}}, {"pk": 51, "model": "auth.user", "fields": {"username": "070676", "first_name": "", "last_name": "", "is_active": true, "is_superuser": false, "is_staff": false, "last_login": "2013-07-07T00:38:14Z", "groups": [1], "user_permissions": [], "password": "pbkdf2_sha256$10000$6rpShfeohdcw$DAI6SZlP/A5/rDO1ONhRYZPTs9EqnWSDnj7CjKXX5Ho=", "email": "", "date_joined": "2013-06-30T21:58:29Z"}}, {"pk": 52, "model": "auth.user", "fields": {"username": "090206", "first_name": "", "last_name": "", "is_active": true, "is_superuser": false, "is_staff": false, "last_login": "2013-06-30T21:58:30Z", "groups": [1], "user_permissions": [], "password": "pbkdf2_sha256$10000$IMuu6WCKTem1$QivjUqcD0tntHwaQB16nnxcRTGfOvSEn266lKOlHaoI=", "email": "", "date_joined": "2013-06-30T21:58:30Z"}}, {"pk": 53, "model": "auth.user", "fields": {"username": "100504", "first_name": "", "last_name": "", "is_active": true, "is_superuser": false, "is_staff": false, "last_login": "2013-06-30T21:58:31Z", "groups": [1], "user_permissions": [], "password": "pbkdf2_sha256$10000$HxFaTjSbmXS9$S8S9jHKMB8U9WEkf0mOySGMSb6cN7bqjeBqf9YQIOlk=", "email": "", "date_joined": "2013-06-30T21:58:31Z"}}, {"pk": 54, "model": "auth.user", "fields": {"username": "093152", "first_name": "", "last_name": "", "is_active": true, "is_superuser": false, "is_staff": false, "last_login": "2013-06-30T21:58:33Z", "groups": [1], "user_permissions": [], "password": "pbkdf2_sha256$10000$HA9PwAUoDcAl$WgAVX3hxJVLubby40mshAqcGSYPjybQY3bMWnlpqgB8=", "email": "", "date_joined": "2013-06-30T21:58:33Z"}}, {"pk": 55, "model": "auth.user", "fields": {"username": "091358", "first_name": "", "last_name": "", "is_active": true, "is_superuser": false, "is_staff": false, "last_login": "2013-06-30T21:58:34Z", "groups": [1], "user_permissions": [], "password": "pbkdf2_sha256$10000$uEhC68SAzXlT$R4NZiz4ytQLtm45j+u50rrIEnPeDHqqmg3QKaCl5yvQ=", "email": "", "date_joined": "2013-06-30T21:58:34Z"}}, {"pk": 56, "model": "auth.user", "fields": {"username": "111648", "first_name": "", "last_name": "", "is_active": true, "is_superuser": false, "is_staff": false, "last_login": "2013-06-30T21:58:35Z", "groups": [1], "user_permissions": [], "password": "pbkdf2_sha256$10000$zYKtUq5IbLRT$rzCOAcVtkzUh621zpFJjIAa4kcePmCzN7vzuQsB1mY4=", "email": "", "date_joined": "2013-06-30T21:58:35Z"}}, {"pk": 57, "model": "auth.user", "fields": {"username": "070688", "first_name": "", "last_name": "", "is_active": true, "is_superuser": false, "is_staff": false, "last_login": "2013-06-30T21:58:36Z", "groups": [1], "user_permissions": [], "password": "pbkdf2_sha256$10000$8FgtpqX88To5$6Anp+AzLSA3PBPC7bYnYsUcYG/RiIVE19Q32z58z6F8=", "email": "", "date_joined": "2013-06-30T21:58:36Z"}}, {"pk": 58, "model": "auth.user", "fields": {"username": "100508", "first_name": "", "last_name": "", "is_active": true, "is_superuser": false, "is_staff": false, "last_login": "2013-06-30T21:58:38Z", "groups": [1], "user_permissions": [], "password": "pbkdf2_sha256$10000$TSphg7IqAwNS$Htax1ZMnpCiaiOFeAPClYpaT0JH7/WdA/YlsN/s3yyQ=", "email": "", "date_joined": "2013-06-30T21:58:38Z"}}, {"pk": 59, "model": "auth.user", "fields": {"username": "100259", "first_name": "", "last_name": "", "is_active": true, "is_superuser": false, "is_staff": false, "last_login": "2013-06-30T21:58:39Z", "groups": [1], "user_permissions": [], "password": "pbkdf2_sha256$10000$yRhp45Franvx$vXmMbQtQqYqiZkcXbzpCtcBDyMmLcgmRt9Z0OOi3ZDU=", "email": "", "date_joined": "2013-06-30T21:58:39Z"}}, {"pk": 60, "model": "auth.user", "fields": {"username": "101659", "first_name": "", "last_name": "", "is_active": true, "is_superuser": false, "is_staff": false, "last_login": "2013-06-30T21:58:40Z", "groups": [1], "user_permissions": [], "password": "pbkdf2_sha256$10000$hxvfRnui1GNP$xhMU0Hon1xCHQJQ5Hzg/ih7CAAkqJbpSK8hOAjQdspw=", "email": "", "date_joined": "2013-06-30T21:58:40Z"}}, {"pk": 61, "model": "auth.user", "fields": {"username": "103640", "first_name": "", "last_name": "", "is_active": true, "is_superuser": false, "is_staff": false, "last_login": "2013-06-30T21:58:42Z", "groups": [1], "user_permissions": [], "password": "pbkdf2_sha256$10000$RE9AqViJ5aZf$+mK3e++VuwJuAQmn2gB9xiEtioynrun332QAQ9bVo80=", "email": "", "date_joined": "2013-06-30T21:58:42Z"}}, {"pk": 62, "model": "auth.user", "fields": {"username": "111861", "first_name": "", "last_name": "", "is_active": true, "is_superuser": false, "is_staff": false, "last_login": "2013-06-30T21:58:43Z", "groups": [1], "user_permissions": [], "password": "pbkdf2_sha256$10000$fAUsODgTEJgI$bO8+KWYDXa1+32tvgRMsxdpu5H23ghP7yJeWix/oSeI=", "email": "", "date_joined": "2013-06-30T21:58:43Z"}}, {"pk": 63, "model": "auth.user", "fields": {"username": "100512", "first_name": "", "last_name": "", "is_active": true, "is_superuser": false, "is_staff": false, "last_login": "2013-06-30T21:58:44Z", "groups": [1], "user_permissions": [], "password": "pbkdf2_sha256$10000$eVfEXlu2eQKO$J9mrk1NxTp2a0KrKlgFNLTO4rSS6VZVBu2RPQujJwr8=", "email": "", "date_joined": "2013-06-30T21:58:44Z"}}, {"pk": 64, "model": "auth.user", "fields": {"username": "090002", "first_name": "", "last_name": "", "is_active": true, "is_superuser": false, "is_staff": false, "last_login": "2013-06-30T21:58:45Z", "groups": [1], "user_permissions": [], "password": "pbkdf2_sha256$10000$jGVCOI7Il0gQ$9d9nxdartwzzyVEvkKSY4aUC4eTMGvPbfzvKgMb+VMI=", "email": "", "date_joined": "2013-06-30T21:58:45Z"}}, {"pk": 65, "model": "auth.user", "fields": {"username": "083199", "first_name": "", "last_name": "", "is_active": true, "is_superuser": false, "is_staff": false, "last_login": "2013-06-30T21:58:46Z", "groups": [1], "user_permissions": [], "password": "pbkdf2_sha256$10000$a3wcF8tbFupK$xo/+dM5QEZox1MS6KFmfucJHaVdxLVU1B4kCfHrdrJU=", "email": "", "date_joined": "2013-06-30T21:58:46Z"}}, {"pk": 66, "model": "auth.user", "fields": {"username": "101662", "first_name": "", "last_name": "", "is_active": true, "is_superuser": false, "is_staff": false, "last_login": "2013-06-30T21:58:47Z", "groups": [1], "user_permissions": [], "password": "pbkdf2_sha256$10000$xIVWyFVC4x4W$6nrrjaFy9feIHjTtc/Kg/vQ4oQCChc9fiqR1iplZ5gk=", "email": "", "date_joined": "2013-06-30T21:58:47Z"}}, {"pk": 67, "model": "auth.user", "fields": {"username": "081563", "first_name": "", "last_name": "", "is_active": true, "is_superuser": false, "is_staff": false, "last_login": "2013-06-30T21:58:49Z", "groups": [1], "user_permissions": [], "password": "pbkdf2_sha256$10000$w17pw2WXnJOZ$LTBil50rnziV/d5zMcd8ZHHgkaXeVa8s11juVTGsnLo=", "email": "", "date_joined": "2013-06-30T21:58:49Z"}}, {"pk": 68, "model": "auth.user", "fields": {"username": "093176", "first_name": "", "last_name": "", "is_active": true, "is_superuser": false, "is_staff": false, "last_login": "2013-06-30T21:58:50Z", "groups": [1], "user_permissions": [], "password": "pbkdf2_sha256$10000$XjrgWo0YZCb6$0SI5jJuXncFSiTxmRk3gvyadUI5YWgnXDF8meFatN50=", "email": "", "date_joined": "2013-06-30T21:58:50Z"}}, {"pk": 69, "model": "auth.user", "fields": {"username": "032122", "first_name": "", "last_name": "", "is_active": true, "is_superuser": false, "is_staff": false, "last_login": "2013-06-30T21:58:51Z", "groups": [1], "user_permissions": [], "password": "pbkdf2_sha256$10000$dBGzo0BNL7iL$AeTyke4x1Bjr87/L8l4KeF6p0kEkVfgncTsXqj2n/f4=", "email": "", "date_joined": "2013-06-30T21:58:51Z"}}, {"pk": 70, "model": "auth.user", "fields": {"username": "093181", "first_name": "", "last_name": "", "is_active": true, "is_superuser": false, "is_staff": false, "last_login": "2013-06-30T21:58:52Z", "groups": [1], "user_permissions": [], "password": "pbkdf2_sha256$10000$cMFHWiC5JBcX$DbjnlBbabSP8pZf41zTndGlaWz8wgNtJirkxsBlYZ2c=", "email": "", "date_joined": "2013-06-30T21:58:52Z"}}, {"pk": 71, "model": "auth.user", "fields": {"username": "110598", "first_name": "", "last_name": "", "is_active": true, "is_superuser": false, "is_staff": false, "last_login": "2013-06-30T21:58:53Z", "groups": [1], "user_permissions": [], "password": "pbkdf2_sha256$10000$K0VxIzuJeczV$xrQ8Ktdiad5CiXJX8+CLAw6v9RVou1VwZ12AfJzCBog=", "email": "", "date_joined": "2013-06-30T21:58:53Z"}}, {"pk": 72, "model": "auth.user", "fields": {"username": "103645", "first_name": "", "last_name": "", "is_active": true, "is_superuser": false, "is_staff": false, "last_login": "2013-06-30T21:58:54Z", "groups": [1], "user_permissions": [], "password": "pbkdf2_sha256$10000$pK4VOo6wmH8j$6aT4I+4lQ/nyt+lo9d3EOhzeJK/OYzjhKCV9Rvp1xHc=", "email": "", "date_joined": "2013-06-30T21:58:54Z"}}, {"pk": 73, "model": "auth.user", "fields": {"username": "094303", "first_name": "", "last_name": "", "is_active": true, "is_superuser": false, "is_staff": false, "last_login": "2013-06-30T21:58:56Z", "groups": [1], "user_permissions": [], "password": "pbkdf2_sha256$10000$bM414VQ6nJZr$hzf42pEkynBfQCEghgLI75EcbC8NjlyOLfEYH3KUn+8=", "email": "", "date_joined": "2013-06-30T21:58:56Z"}}, {"pk": 74, "model": "auth.user", "fields": {"username": "093182", "first_name": "", "last_name": "", "is_active": true, "is_superuser": false, "is_staff": false, "last_login": "2013-06-30T21:58:57Z", "groups": [1], "user_permissions": [], "password": "pbkdf2_sha256$10000$KoG8RlD5LHmU$5g1pvh+JCf8GY0xarRmrVtfrniKyv010f2AHmI8WBRo=", "email": "", "date_joined": "2013-06-30T21:58:57Z"}}, {"pk": 75, "model": "auth.user", "fields": {"username": "093183", "first_name": "", "last_name": "", "is_active": true, "is_superuser": false, "is_staff": false, "last_login": "2013-06-30T21:58:58Z", "groups": [1], "user_permissions": [], "password": "pbkdf2_sha256$10000$JzJlH60vNJ0F$rhIkHYJQk5hy7nET9/3t2mFEb9hN5lYVzttwsrfuRLQ=", "email": "", "date_joined": "2013-06-30T21:58:58Z"}}, {"pk": 76, "model": "auth.user", "fields": {"username": "073309", "first_name": "", "last_name": "", "is_active": true, "is_superuser": false, "is_staff": false, "last_login": "2013-06-30T21:58:59Z", "groups": [1], "user_permissions": [], "password": "pbkdf2_sha256$10000$K8dHMvuALWlS$A/v4xG1Pr7XUsfZzPwnG3qRWAYIPvBrFuNnbC0zfJQU=", "email": "", "date_joined": "2013-06-30T21:58:59Z"}}, {"pk": 77, "model": "auth.user", "fields": {"username": "091362", "first_name": "", "last_name": "", "is_active": true, "is_superuser": false, "is_staff": false, "last_login": "2013-06-30T21:59:01Z", "groups": [1], "user_permissions": [], "password": "pbkdf2_sha256$10000$RS6VdsFmWigR$Jqu/7ORb7Rsq9Zm4p1d7eMfboxVmHJf6SwuTZv5G0GM=", "email": "", "date_joined": "2013-06-30T21:59:01Z"}}, {"pk": 78, "model": "auth.user", "fields": {"username": "111867", "first_name": "", "last_name": "", "is_active": true, "is_superuser": false, "is_staff": false, "last_login": "2013-06-30T21:59:02Z", "groups": [1], "user_permissions": [], "password": "pbkdf2_sha256$10000$BCQ4Eoi1RwX9$2MGbBRHJOX0Zmd4D1+NoGYcQldIQo4WpNUm9DTiFKLw=", "email": "", "date_joined": "2013-06-30T21:59:02Z"}}, {"pk": 79, "model": "auth.user", "fields": {"username": "090226", "first_name": "", "last_name": "", "is_active": true, "is_superuser": false, "is_staff": false, "last_login": "2013-06-30T21:59:03Z", "groups": [1], "user_permissions": [], "password": "pbkdf2_sha256$10000$OTV6NkES7BFj$xolPR4F6AT6JaEKO5Ws/OgN1Y+TjMDPX8QKPOCpvhcs=", "email": "", "date_joined": "2013-06-30T21:59:03Z"}}, {"pk": 80, "model": "auth.user", "fields": {"username": "081574", "first_name": "", "last_name": "", "is_active": true, "is_superuser": false, "is_staff": false, "last_login": "2013-06-30T21:59:04Z", "groups": [1], "user_permissions": [], "password": "pbkdf2_sha256$10000$X7amDDF8Rp6W$bSPBdqlqdLNVGID7sER+XGl2sxbWV1wJPJ+zWNKA7do=", "email": "", "date_joined": "2013-06-30T21:59:04Z"}}, {"pk": 81, "model": "auth.user", "fields": {"username": "091613", "first_name": "", "last_name": "", "is_active": true, "is_superuser": false, "is_staff": false, "last_login": "2013-06-30T21:59:06Z", "groups": [1], "user_permissions": [], "password": "pbkdf2_sha256$10000$PkZFQih3JJIo$pG8WXfBFUWzL2v9tLa3S6CljpgSlnpZKAuC12/x6cHU=", "email": "", "date_joined": "2013-06-30T21:59:06Z"}}, {"pk": 82, "model": "auth.user", "fields": {"username": "091615", "first_name": "", "last_name": "", "is_active": true, "is_superuser": false, "is_staff": false, "last_login": "2013-06-30T21:59:07Z", "groups": [1], "user_permissions": [], "password": "pbkdf2_sha256$10000$Td4VeRg50hd6$5+4DaOko85cjYBDDhaDE5Mt6SnkA/BO6CjDR2g2Ti+A=", "email": "", "date_joined": "2013-06-30T21:59:07Z"}}, {"pk": 83, "model": "auth.user", "fields": {"username": "090810", "first_name": "", "last_name": "", "is_active": true, "is_superuser": false, "is_staff": false, "last_login": "2013-06-30T21:59:08Z", "groups": [1], "user_permissions": [], "password": "pbkdf2_sha256$10000$vU72LoWAK6U2$k/AephwZJRPmuE40I0swpN01+EGVdsdDawz91FzjR3E=", "email": "", "date_joined": "2013-06-30T21:59:08Z"}}, {"pk": 84, "model": "auth.user", "fields": {"username": "101036", "first_name": "", "last_name": "", "is_active": true, "is_superuser": false, "is_staff": false, "last_login": "2013-06-30T21:59:09Z", "groups": [1], "user_permissions": [], "password": "pbkdf2_sha256$10000$b5zaLGnZN9Sd$F2AtJJn9+xEo3LFGxu7RSMFEqkEGlYrsK/11nIUj/II=", "email": "", "date_joined": "2013-06-30T21:59:09Z"}}, {"pk": 85, "model": "auth.user", "fields": {"username": "091620", "first_name": "", "last_name": "", "is_active": true, "is_superuser": false, "is_staff": false, "last_login": "2013-06-30T21:59:11Z", "groups": [1], "user_permissions": [], "password": "pbkdf2_sha256$10000$GitIf2Af8i66$lSUuFq3Rd+VOCd58U34IEdb/SiwdIi0BKW8RHp/jv1Y=", "email": "", "date_joined": "2013-06-30T21:59:11Z"}}, {"pk": 86, "model": "auth.user", "fields": {"username": "100522", "first_name": "", "last_name": "", "is_active": true, "is_superuser": false, "is_staff": false, "last_login": "2013-06-30T21:59:12Z", "groups": [1], "user_permissions": [], "password": "pbkdf2_sha256$10000$0fDNFiTC0oiL$NQ5NGfFDrsdPPDtIydBdknWGR3hWzCDWoKxRzgsLaZE=", "email": "", "date_joined": "2013-06-30T21:59:12Z"}}, {"pk": 87, "model": "auth.user", "fields": {"username": "040986", "first_name": "", "last_name": "", "is_active": true, "is_superuser": false, "is_staff": false, "last_login": "2013-06-30T21:59:14Z", "groups": [1], "user_permissions": [], "password": "pbkdf2_sha256$10000$yuVZifhi2enZ$CnAA1Wap/EstiQj1KBmz9Ewevk6yZtXSXwyo/NE21zg=", "email": "", "date_joined": "2013-06-30T21:59:14Z"}}, {"pk": 88, "model": "auth.user", "fields": {"username": "093194", "first_name": "", "last_name": "", "is_active": true, "is_superuser": false, "is_staff": false, "last_login": "2013-06-30T21:59:15Z", "groups": [1], "user_permissions": [], "password": "pbkdf2_sha256$10000$QEQVh4rxuGsN$lPliJ8LUltqtRQwcfYEal/p2IoN4v+L/Nc4r3WKZbfY=", "email": "", "date_joined": "2013-06-30T21:59:15Z"}}, {"pk": 89, "model": "auth.user", "fields": {"username": "110288", "first_name": "", "last_name": "", "is_active": true, "is_superuser": false, "is_staff": false, "last_login": "2013-06-30T21:59:16Z", "groups": [1], "user_permissions": [], "password": "pbkdf2_sha256$10000$Wfi9eZlQMrBl$YAFH2baiH6u3LZTXGKeD5bN5Oae5ffBvVK6ZncXjfYI=", "email": "", "date_joined": "2013-06-30T21:59:16Z"}}, {"pk": 90, "model": "auth.user", "fields": {"username": "090231", "first_name": "", "last_name": "", "is_active": true, "is_superuser": false, "is_staff": false, "last_login": "2013-06-30T21:59:18Z", "groups": [1], "user_permissions": [], "password": "pbkdf2_sha256$10000$tZM5Y8e0RWF6$0ZTN/WzOLVYqzRz7/H/XtghYK88FE7IhY66qBtejnAY=", "email": "", "date_joined": "2013-06-30T21:59:18Z"}}, {"pk": 91, "model": "auth.user", "fields": {"username": "101038", "first_name": "", "last_name": "", "is_active": true, "is_superuser": false, "is_staff": false, "last_login": "2013-06-30T21:59:19Z", "groups": [1], "user_permissions": [], "password": "pbkdf2_sha256$10000$ctEwe9UMDQMT$t/mnjIWRta4lxqoDi8g1BnX1CU971AUU1bwAHJhCOsc=", "email": "", "date_joined": "2013-06-30T21:59:19Z"}}, {"pk": 92, "model": "auth.user", "fields": {"username": "070730", "first_name": "", "last_name": "", "is_active": true, "is_superuser": false, "is_staff": false, "last_login": "2013-06-30T21:59:21Z", "groups": [1], "user_permissions": [], "password": "pbkdf2_sha256$10000$OiYxslwtCvXL$Lv6ZiEySCCadfe4JHNkw8k9JsHak150pxu04Lw4ISks=", "email": "", "date_joined": "2013-06-30T21:59:21Z"}}, {"pk": 93, "model": "auth.user", "fields": {"username": "101656", "first_name": "", "last_name": "", "is_active": true, "is_superuser": false, "is_staff": false, "last_login": "2013-06-30T21:59:22Z", "groups": [1], "user_permissions": [], "password": "pbkdf2_sha256$10000$xDgyImvGnXPb$f2HXWqCxgO0DKgviqy49kCHnJ7SnA1foP8GOJjIw3U0=", "email": "", "date_joined": "2013-06-30T21:59:22Z"}}, {"pk": 94, "model": "auth.user", "fields": {"username": "093166", "first_name": "", "last_name": "", "is_active": true, "is_superuser": false, "is_staff": false, "last_login": "2013-06-30T21:59:23Z", "groups": [1], "user_permissions": [], "password": "pbkdf2_sha256$10000$EEIVBqZocBcL$dzgRxKarxDxxnWN5ktWW6rsBGC5It90wK8NgJWaE7Dw=", "email": "", "date_joined": "2013-06-30T21:59:23Z"}}, {"pk": "010518", "model": "personas.alumno", "fields": {"apellido_paterno": "CRUZ", "apellido_materno": "SALAZAR", "usuario": 33, "nombres": "RICHIE RAY", "sexo": "1", "correo": null, "carrera": "IN"}}, {"pk": "032120", "model": "personas.alumno", "fields": {"apellido_paterno": "LOVON", "apellido_materno": "CONDE", "usuario": 39, "nombres": "MARCO ANTONY", "sexo": "1", "correo": null, "carrera": "IN"}}, {"pk": "032122", "model": "personas.alumno", "fields": {"apellido_paterno": "MEDINA", "apellido_materno": "TORRES", "usuario": 69, "nombres": "WALTER", "sexo": "1", "correo": null, "carrera": "IN"}}, {"pk": "040978", "model": "personas.alumno", "fields": {"apellido_paterno": "CERECEDA", "apellido_materno": "LOPEZ", "usuario": 32, "nombres": "MARIELA", "sexo": "0", "correo": null, "carrera": "IN"}}, {"pk": "040986", "model": "personas.alumno", "fields": {"apellido_paterno": "TAPIA", "apellido_materno": "TORRES", "usuario": 87, "nombres": "JOSEPH JOHANI", "sexo": "1", "correo": null, "carrera": "IN"}}, {"pk": "052104", "model": "personas.alumno", "fields": {"apellido_paterno": "BARRIENTOS", "apellido_materno": "TORRES", "usuario": 30, "nombres": "EFRAIN", "sexo": "1", "correo": null, "carrera": "IN"}}, {"pk": "062847", "model": "personas.alumno", "fields": {"apellido_paterno": "LOAYZA", "apellido_materno": "BLANCO", "usuario": 22, "nombres": "CADY INDIRA", "sexo": "0", "correo": null, "carrera": "IN"}}, {"pk": "070676", "model": "personas.alumno", "fields": {"apellido_paterno": "AGUILAR", "apellido_materno": "HACHIRCANA", "usuario": 51, "nombres": "MARCO", "sexo": "1", "correo": null, "carrera": "IN"}}, {"pk": "070677", "model": "personas.alumno", "fields": {"apellido_paterno": "ALEGRIA", "apellido_materno": "ZEVALLOS", "usuario": 28, "nombres": "JAVIER", "sexo": "1", "correo": null, "carrera": "IN"}}, {"pk": "070680", "model": "personas.alumno", "fields": {"apellido_paterno": "AUCCACUSI", "apellido_materno": "CONCHA", "usuario": 29, "nombres": "MELANY", "sexo": "0", "correo": null, "carrera": "IN"}}, {"pk": "070686", "model": "personas.alumno", "fields": {"apellido_paterno": "CASTILLO", "apellido_materno": "CABALLERO", "usuario": 2, "nombres": "HENRRY", "sexo": "1", "correo": null, "carrera": "IN"}}, {"pk": "070688", "model": "personas.alumno", "fields": {"apellido_paterno": "CATUNTA", "apellido_materno": "CCALLOQUISPE", "usuario": 57, "nombres": "NELSON", "sexo": "1", "correo": null, "carrera": "IN"}}, {"pk": "070697", "model": "personas.alumno", "fields": {"apellido_paterno": "FARFAN", "apellido_materno": "HUARANCCA", "usuario": 27, "nombres": "ALEX BENJAMIN", "sexo": "1", "correo": null, "carrera": "IN"}}, {"pk": "070699", "model": "personas.alumno", "fields": {"apellido_paterno": "GONZALES", "apellido_materno": "GONZALES", "usuario": 35, "nombres": "PAOLA FRECIA", "sexo": "0", "correo": null, "carrera": "IN"}}, {"pk": "070700", "model": "personas.alumno", "fields": {"apellido_paterno": "GUDIEL", "apellido_materno": "PEREZ", "usuario": 36, "nombres": "YISHEV NEPTALY", "sexo": "1", "correo": null, "carrera": "IN"}}, {"pk": "070729", "model": "personas.alumno", "fields": {"apellido_paterno": "WILSON", "apellido_materno": "GONZALEZ", "usuario": 13, "nombres": "DANIEL ANDRE", "sexo": "1", "correo": null, "carrera": "IN"}}, {"pk": "070730", "model": "personas.alumno", "fields": {"apellido_paterno": "YA\u00d1EZ", "apellido_materno": "SANZ", "usuario": 92, "nombres": "ANTHONY JOSEPH", "sexo": "1", "correo": null, "carrera": "IN"}}, {"pk": "073304", "model": "personas.alumno", "fields": {"apellido_paterno": "LAROTA", "apellido_materno": "MAMANI", "usuario": 21, "nombres": "HERLY", "sexo": "1", "correo": null, "carrera": "IN"}}, {"pk": "073307", "model": "personas.alumno", "fields": {"apellido_paterno": "NOALCCA", "apellido_materno": "APAZA", "usuario": 44, "nombres": "CESAR AUGUSTO", "sexo": "1", "correo": null, "carrera": "IN"}}, {"pk": "073309", "model": "personas.alumno", "fields": {"apellido_paterno": "OVALLE", "apellido_materno": "GAMARRA", "usuario": 76, "nombres": "GIONAL", "sexo": "1", "correo": null, "carrera": "IN"}}, {"pk": "073311", "model": "personas.alumno", "fields": {"apellido_paterno": "PAUCCARA", "apellido_materno": "PINARES", "usuario": 23, "nombres": "DANIEL", "sexo": "1", "correo": null, "carrera": "IN"}}, {"pk": "073318", "model": "personas.alumno", "fields": {"apellido_paterno": "SERRANO", "apellido_materno": "QUISPE", "usuario": 47, "nombres": "MAURO", "sexo": "1", "correo": null, "carrera": "IN"}}, {"pk": "073322", "model": "personas.alumno", "fields": {"apellido_paterno": "VALENCIA", "apellido_materno": "MAMANI", "usuario": 50, "nombres": "GLADYS ERICA", "sexo": "0", "correo": null, "carrera": "IN"}}, {"pk": "080219", "model": "personas.alumno", "fields": {"apellido_paterno": "MOREANO", "apellido_materno": "BRICE\u00d1O", "usuario": 42, "nombres": "GROVER", "sexo": "1", "correo": null, "carrera": "IN"}}, {"pk": "081111", "model": "personas.alumno", "fields": {"apellido_paterno": "SILVA", "apellido_materno": "SOSA", "usuario": 48, "nombres": "ROSA ADELAIDA", "sexo": "0", "correo": null, "carrera": "IN"}}, {"pk": "081563", "model": "personas.alumno", "fields": {"apellido_paterno": "MACHACA", "apellido_materno": "ROZAS", "usuario": 67, "nombres": "WATSON", "sexo": "1", "correo": null, "carrera": "IN"}}, {"pk": "081574", "model": "personas.alumno", "fields": {"apellido_paterno": "QUISPE", "apellido_materno": "VILCAHUAMAN", "usuario": 80, "nombres": "JORGE ALFREDO", "sexo": "1", "correo": null, "carrera": "IN"}}, {"pk": "083196", "model": "personas.alumno", "fields": {"apellido_paterno": "HUAMANTTICA", "apellido_materno": "SALAS", "usuario": 37, "nombres": "ERIC RODRIGO", "sexo": "1", "correo": null, "carrera": "IN"}}, {"pk": "083199", "model": "personas.alumno", "fields": {"apellido_paterno": "LAROTA", "apellido_materno": "CUITO", "usuario": 65, "nombres": "ALCIDES", "sexo": "1", "correo": null, "carrera": "IN"}}, {"pk": "083201", "model": "personas.alumno", "fields": {"apellido_paterno": "LUQUE", "apellido_materno": "QUISPE", "usuario": 40, "nombres": "RUDY", "sexo": "0", "correo": null, "carrera": "IN"}}, {"pk": "083206", "model": "personas.alumno", "fields": {"apellido_paterno": "MOTTA", "apellido_materno": "MARIN", "usuario": 43, "nombres": "JOELANGEL", "sexo": "1", "correo": null, "carrera": "IN"}}, {"pk": "083212", "model": "personas.alumno", "fields": {"apellido_paterno": "QUISPE", "apellido_materno": "AYALA", "usuario": 45, "nombres": "MILAGROS", "sexo": "0", "correo": null, "carrera": "IN"}}, {"pk": "090002", "model": "personas.alumno", "fields": {"apellido_paterno": "HUAMAN\u00d1AHUI", "apellido_materno": "ZAVALA", "usuario": 64, "nombres": "FRANCIS", "sexo": "1", "correo": null, "carrera": "IN"}}, {"pk": "090206", "model": "personas.alumno", "fields": {"apellido_paterno": "ALVAREZ", "apellido_materno": "CCOSCCO", "usuario": 52, "nombres": "KAREN INDIRA", "sexo": "0", "correo": null, "carrera": "IN"}}, {"pk": "090218", "model": "personas.alumno", "fields": {"apellido_paterno": "LLIMPI", "apellido_materno": "NINA", "usuario": 38, "nombres": "JUAN SADDAN", "sexo": "1", "correo": null, "carrera": "IN"}}, {"pk": "090220", "model": "personas.alumno", "fields": {"apellido_paterno": "MAMANI", "apellido_materno": "ARANIBAR", "usuario": 7, "nombres": "SANDRA MARY CARMEN", "sexo": "0", "correo": null, "carrera": "IN"}}, {"pk": "090226", "model": "personas.alumno", "fields": {"apellido_paterno": "QUISPE", "apellido_materno": "LIMPE", "usuario": 79, "nombres": "MIRIAN TERESA", "sexo": "0", "correo": null, "carrera": "IN"}}, {"pk": "090231", "model": "personas.alumno", "fields": {"apellido_paterno": "VARGAS", "apellido_materno": "SOTO", "usuario": 90, "nombres": "JOEL YURY", "sexo": "1", "correo": null, "carrera": "IN"}}, {"pk": "090623", "model": "personas.alumno", "fields": {"apellido_paterno": "HANCCO", "apellido_materno": "QUI\u00d1ONES", "usuario": 5, "nombres": "YURY FERNANDO", "sexo": "1", "correo": null, "carrera": "IN"}}, {"pk": "090624", "model": "personas.alumno", "fields": {"apellido_paterno": "YLLANES", "apellido_materno": "PALOMINO", "usuario": 26, "nombres": "BRAYAN ELIO", "sexo": "1", "correo": null, "carrera": "IN"}}, {"pk": "090803", "model": "personas.alumno", "fields": {"apellido_paterno": "BACA", "apellido_materno": "PINARES", "usuario": 17, "nombres": "HANSELT ABEL", "sexo": "1", "correo": null, "carrera": "IN"}}, {"pk": "090809", "model": "personas.alumno", "fields": {"apellido_paterno": "QUISPE", "apellido_materno": "PINARES", "usuario": 46, "nombres": "JEFFERSON", "sexo": "1", "correo": null, "carrera": "IN"}}, {"pk": "090810", "model": "personas.alumno", "fields": {"apellido_paterno": "RAYAN", "apellido_materno": "SUNI", "usuario": 83, "nombres": "ORFELINDA", "sexo": "0", "correo": null, "carrera": "IN"}}, {"pk": "091358", "model": "personas.alumno", "fields": {"apellido_paterno": "CALDERON", "apellido_materno": "MENDOZA", "usuario": 55, "nombres": "BRYAN KENSHY", "sexo": "1", "correo": null, "carrera": "IN"}}, {"pk": "091359", "model": "personas.alumno", "fields": {"apellido_paterno": "CCAHUANTICO", "apellido_materno": "CHOQUEVILCA", "usuario": 3, "nombres": "ANIBAL", "sexo": "1", "correo": null, "carrera": "IN"}}, {"pk": "091362", "model": "personas.alumno", "fields": {"apellido_paterno": "PAUCAR", "apellido_materno": "CCOPA", "usuario": 77, "nombres": "KATERINE BRENDA", "sexo": "0", "correo": null, "carrera": "IN"}}, {"pk": "091363", "model": "personas.alumno", "fields": {"apellido_paterno": "TTITO", "apellido_materno": "CONCHA", "usuario": 49, "nombres": "EDISON KLEIBER", "sexo": "1", "correo": null, "carrera": "IN"}}, {"pk": "091612", "model": "personas.alumno", "fields": {"apellido_paterno": "QUISPE", "apellido_materno": "SUMIRI", "usuario": 8, "nombres": "FREDY", "sexo": "1", "correo": null, "carrera": "IN"}}, {"pk": "091613", "model": "personas.alumno", "fields": {"apellido_paterno": "RAMIREZ", "apellido_materno": "APAZA", "usuario": 81, "nombres": "EBERT", "sexo": "1", "correo": null, "carrera": "IN"}}, {"pk": "091615", "model": "personas.alumno", "fields": {"apellido_paterno": "RAMOS", "apellido_materno": "VILLARES", "usuario": 82, "nombres": "YANG ERVIMD", "sexo": "1", "correo": null, "carrera": "IN"}}, {"pk": "091616", "model": "personas.alumno", "fields": {"apellido_paterno": "SANTA CRUZ", "apellido_materno": "CARRION", "usuario": 9, "nombres": "CRISTHIAN", "sexo": "1", "correo": null, "carrera": "IN"}}, {"pk": "091619", "model": "personas.alumno", "fields": {"apellido_paterno": "SERRANO", "apellido_materno": "QUISPE", "usuario": 10, "nombres": "BENGIE NICK", "sexo": "1", "correo": null, "carrera": "IN"}}, {"pk": "091620", "model": "personas.alumno", "fields": {"apellido_paterno": "SONCCO", "apellido_materno": "ALVAREZ", "usuario": 85, "nombres": "PAUL SIDNEY", "sexo": "1", "correo": null, "carrera": "IN"}}, {"pk": "093152", "model": "personas.alumno", "fields": {"apellido_paterno": "AMAO", "apellido_materno": "ALVAREZ", "usuario": 54, "nombres": "JAMES NILTON", "sexo": "1", "correo": null, "carrera": "IN"}}, {"pk": "093158", "model": "personas.alumno", "fields": {"apellido_paterno": "CARRION", "apellido_materno": "MEDRANO", "usuario": 19, "nombres": "HECTOR DAVID", "sexo": "1", "correo": null, "carrera": "IN"}}, {"pk": "093166", "model": "personas.alumno", "fields": {"apellido_paterno": "HUALLPARIMACHI", "apellido_materno": "GARCIA", "usuario": 94, "nombres": "JHONY LUCIA", "sexo": "0", "correo": null, "carrera": "IN"}}, {"pk": "093176", "model": "personas.alumno", "fields": {"apellido_paterno": "MAITA", "apellido_materno": "TORRES", "usuario": 68, "nombres": "GABRIEL", "sexo": "1", "correo": null, "carrera": "IN"}}, {"pk": "093179", "model": "personas.alumno", "fields": {"apellido_paterno": "MAMANI", "apellido_materno": "PUMA", "usuario": 41, "nombres": "MARCO RICE", "sexo": "1", "correo": null, "carrera": "IN"}}, {"pk": "093181", "model": "personas.alumno", "fields": {"apellido_paterno": "MENDOZA", "apellido_materno": "BEJAR", "usuario": 70, "nombres": "YOHANA VERIOSKA", "sexo": "0", "correo": null, "carrera": "IN"}}, {"pk": "093182", "model": "personas.alumno", "fields": {"apellido_paterno": "NINA", "apellido_materno": "QUISPE", "usuario": 74, "nombres": "NIKO ANTONY MANUEL", "sexo": "1", "correo": null, "carrera": "IN"}}, {"pk": "093183", "model": "personas.alumno", "fields": {"apellido_paterno": "OLARTE", "apellido_materno": "CHULLO", "usuario": 75, "nombres": "ALBHERT EDISON", "sexo": "1", "correo": null, "carrera": "IN"}}, {"pk": "093188", "model": "personas.alumno", "fields": {"apellido_paterno": "RIMACHE", "apellido_materno": "SUAREZ", "usuario": 24, "nombres": "WILSON", "sexo": "1", "correo": null, "carrera": "IN"}}, {"pk": "093192", "model": "personas.alumno", "fields": {"apellido_paterno": "TERAN", "apellido_materno": "CORREDOR", "usuario": 11, "nombres": "JESUS MANUEL", "sexo": "1", "correo": null, "carrera": "IN"}}, {"pk": "093193", "model": "personas.alumno", "fields": {"apellido_paterno": "UNDA", "apellido_materno": "ESCOBEDO", "usuario": 12, "nombres": "CESAR", "sexo": "1", "correo": null, "carrera": "IN"}}, {"pk": "093194", "model": "personas.alumno", "fields": {"apellido_paterno": "USCAMAITA", "apellido_materno": "PACHECO", "usuario": 88, "nombres": "YHONATHAN EVERTH", "sexo": "1", "correo": null, "carrera": "IN"}}, {"pk": "094303", "model": "personas.alumno", "fields": {"apellido_paterno": "NAHUAMEL", "apellido_materno": "SARCE", "usuario": 73, "nombres": "DENIS ANGEL", "sexo": "1", "correo": null, "carrera": "IN"}}, {"pk": "100259", "model": "personas.alumno", "fields": {"apellido_paterno": "CHOQUENAIRA", "apellido_materno": "TTITO", "usuario": 59, "nombres": "JHON", "sexo": "1", "correo": null, "carrera": "IN"}}, {"pk": "100504", "model": "personas.alumno", "fields": {"apellido_paterno": "ALVAREZ", "apellido_materno": "MAMANI", "usuario": 53, "nombres": "EDWIN", "sexo": "1", "correo": null, "carrera": "IN"}}, {"pk": "100508", "model": "personas.alumno", "fields": {"apellido_paterno": "CHOQQUE", "apellido_materno": "CHAMPI", "usuario": 58, "nombres": "ERIK HAMMER", "sexo": "1", "correo": null, "carrera": "IN"}}, {"pk": "100510", "model": "personas.alumno", "fields": {"apellido_paterno": "CONDORI", "apellido_materno": "OCHOA", "usuario": 4, "nombres": "OSCAR YONATAN", "sexo": "1", "correo": null, "carrera": "IN"}}, {"pk": "100512", "model": "personas.alumno", "fields": {"apellido_paterno": "HUALLPAMAITA", "apellido_materno": "QUISPE", "usuario": 63, "nombres": "JOSE CARLOS", "sexo": "1", "correo": null, "carrera": "IN"}}, {"pk": "100513", "model": "personas.alumno", "fields": {"apellido_paterno": "HUAMAN", "apellido_materno": "CRUZ", "usuario": 6, "nombres": "GREGORI VICENTE", "sexo": "1", "correo": null, "carrera": "IN"}}, {"pk": "100522", "model": "personas.alumno", "fields": {"apellido_paterno": "SOTO", "apellido_materno": "SOTOMAYOR", "usuario": 86, "nombres": "KRYSTYAN", "sexo": "1", "correo": null, "carrera": "IN"}}, {"pk": "101030", "model": "personas.alumno", "fields": {"apellido_paterno": "FRANCO", "apellido_materno": "RUIZ", "usuario": 20, "nombres": "LUIS JUNIOR", "sexo": "1", "correo": null, "carrera": "IN"}}, {"pk": "101036", "model": "personas.alumno", "fields": {"apellido_paterno": "SIVINCHA", "apellido_materno": "OLIVA", "usuario": 84, "nombres": "MARITZA", "sexo": "0", "correo": null, "carrera": "IN"}}, {"pk": "101038", "model": "personas.alumno", "fields": {"apellido_paterno": "VELASQUEZ", "apellido_materno": "BACA", "usuario": 91, "nombres": "FLOR DE MARIA", "sexo": "0", "correo": null, "carrera": "IN"}}, {"pk": "101656", "model": "personas.alumno", "fields": {"apellido_paterno": "CHAVEZ", "apellido_materno": "LLANCAY", "usuario": 93, "nombres": "MONICA ALEXANDRA", "sexo": "0", "correo": null, "carrera": "IN"}}, {"pk": "101659", "model": "personas.alumno", "fields": {"apellido_paterno": "FERIA", "apellido_materno": "TAPARA", "usuario": 60, "nombres": "JOSE ADOLFO", "sexo": "1", "correo": null, "carrera": "IN"}}, {"pk": "101662", "model": "personas.alumno", "fields": {"apellido_paterno": "MACHACA", "apellido_materno": "QUISPE", "usuario": 66, "nombres": "LUCERO BETZABE", "sexo": "0", "correo": null, "carrera": "IN"}}, {"pk": "103177", "model": "personas.alumno", "fields": {"apellido_paterno": "TAPIA", "apellido_materno": "MARURI", "usuario": 25, "nombres": "EMPERATRIZ", "sexo": "0", "correo": null, "carrera": "IN"}}, {"pk": "103640", "model": "personas.alumno", "fields": {"apellido_paterno": "FERNANDEZ", "apellido_materno": "CIPRIAN", "usuario": 61, "nombres": "EDSON ARMANDO", "sexo": "1", "correo": null, "carrera": "IN"}}, {"pk": "103645", "model": "personas.alumno", "fields": {"apellido_paterno": "MU\u00d1IZ", "apellido_materno": "HUAMAN", "usuario": 72, "nombres": "OMAR ALEXANDER", "sexo": "1", "correo": null, "carrera": "IN"}}, {"pk": "110038", "model": "personas.alumno", "fields": {"apellido_paterno": "FLOREZ", "apellido_materno": "TINTA", "usuario": 34, "nombres": "VLADIMIR", "sexo": "1", "correo": null, "carrera": "IN"}}, {"pk": "110288", "model": "personas.alumno", "fields": {"apellido_paterno": "USCAMAITA", "apellido_materno": "QUISPETUPA", "usuario": 89, "nombres": "MARYCEL", "sexo": "0", "correo": null, "carrera": "IN"}}, {"pk": "110598", "model": "personas.alumno", "fields": {"apellido_paterno": "MERCADO", "apellido_materno": "LEON", "usuario": 71, "nombres": "JOHANN", "sexo": "1", "correo": null, "carrera": "IN"}}, {"pk": "111648", "model": "personas.alumno", "fields": {"apellido_paterno": "CAMPOS", "apellido_materno": "ARDILES", "usuario": 56, "nombres": "FERNANDO", "sexo": "1", "correo": null, "carrera": "IN"}}, {"pk": "111857", "model": "personas.alumno", "fields": {"apellido_paterno": "CABRERA", "apellido_materno": "VELARDE", "usuario": 18, "nombres": "VALID V\u00c1LERY", "sexo": "0", "correo": null, "carrera": "IN"}}, {"pk": "111861", "model": "personas.alumno", "fields": {"apellido_paterno": "FLORES", "apellido_materno": "ATAUCHI", "usuario": 62, "nombres": "PAUL DANY", "sexo": "1", "correo": null, "carrera": "IN"}}, {"pk": "111867", "model": "personas.alumno", "fields": {"apellido_paterno": "PAUCAR", "apellido_materno": "PINTO", "usuario": 78, "nombres": "DEYBIS YOUL", "sexo": "1", "correo": null, "carrera": "IN"}}, {"pk": "932310", "model": "personas.alumno", "fields": {"apellido_paterno": "CALLO", "apellido_materno": "ESQUERRA", "usuario": 31, "nombres": "JUVENAL", "sexo": "1", "correo": null, "carrera": "IN"}}, {"pk": "14002", "model": "personas.docente", "fields": {"correo": "j-pillco@hotmail.com", "nombres": "JOSE MAURO", "apellido_paterno": "PILLCO", "apellido_materno": "QUISPE", "usuario": 15}}, {"pk": "14389", "model": "personas.docente", "fields": {"correo": "anggelito9@hotmail.com", "nombres": "GUZMAN", "apellido_paterno": "TICONA", "apellido_materno": "PARI", "usuario": 16}}, {"pk": "14769", "model": "personas.docente", "fields": {"correo": "robertwap@hotmail.com", "nombres": "ROBERT", "apellido_paterno": "ALZAMORA", "apellido_materno": "PAREDES", "usuario": 14}}]